MatNr;Vorname;Nachname;E-Mail;Passwort;Lerngruppenname;LerngruppePasswort;SPO;Fachsemester;Bestandene Teilleistungen;Noch ausstehende Teilleistungen;3D Reconstruction Framework from Multi-View Images (3D-MuVi);Android-Applikation KIT-Mensa-Speiseplan;Assistenztools für den Maschinenbau;ChronoCommand - An Intelligent Web-Based Work Time Tracking Tool;Crowd Control -- Entwicklung von Steuerungsmechanismen für das Crowd Computing;DataDealer - Middelware für die interaktive Visualisierung verteilter Sensoren in WebApps;DataScientist -- benutzerorientierte Analyse großer hochdimensionaler Datenbestände;Der Microsoft Imagine Cup 2016 (nur 4er Teams);Der WorkspaceService - Die smarte Lernumgebung am KIT basierend auf HTML5 und REST;Distributed Camera Network 3D Calibration Suite;Dynamic scheduler for scientific simulations;Echtzeit-Computergrafik in der Spieleentwicklung;Industrie 4.0 und OPC UA;Interaktive Visualisierung von Real-Estate-Daten;Komponenten-Windkanal - Automatisches Ausmessen der Performance von Software-Komponenten;Medienbrowser zur inhaltsbasierten Suche in Bild- und Videodaten;Mobile Reconnaissance Manual -interaktive Assistenz für Erkennungsaufgaben;Modulares Multimedia-Werkzeug zum Testen von Videoencodern;Node.js Bindings for ROOT6 (auf Englisch);OpenID Connect for Linux (auf Englisch);ProfiNet-Modul für das Intrusion-Detection-System Snort;RoboCorder - Aufnahme und Wiedergabe von heterogenen Sensordaten eines humanoiden Roboters;Webapplikation zur Verwaltung Nachbearbeitung und Analyse multispektraler Datensätze
903151;Franzi;Riemann;a;$2a$10$wSBsmyJxd0MUAf1m4naa/uKr7y5cKNZqjY9A8Acu14Sx8Mr8sVp3O;8;$2a$10$eRwYhBmZ9FOsD/y49VZ7Ou4gh85rNiGlOSg1t6TWYjBqb/3HmUy2y;2008;3;LA,Algo,HM,SWT;;5;7;5;6;5;3;4;4;4;6;3;5;3;4;7;7;4;6;6;7;3;3;6;
907829;Resa;Diedrich;a;$2a$10$DCIAutTa3lpq.zMJ2dfzq.TNSiRWxDoLQKdht8oRDPMzLEosTFJuC;9;$2a$10$nHUfEz.GC5//qs5BHrY4Ou8QZj3FhsATrzwUazXRVR0cT5XZdSg2y;2008;3;LA,Algo,HM,SWT;;5;4;5;4;4;5;5;4;6;5;5;4;5;5;4;7;4;6;7;4;4;3;4;
911578;Tatyana;Grunwald;a;$2a$10$mWxGaNfZHBNV.vjpb7cu/.W8dFFTwicpRUulgr/GtkwjC2Q4kK8aO;40;$2a$10$CspiVTntrAW.1ZGfDoRYQOUPVh3xTj1XM2pcA6nsShQ0IHKMY3XjC;2008;3;LA,Algo,HM,SWT;;3;3;4;6;3;5;5;3;6;3;4;5;3;3;4;7;4;4;5;3;3;3;3;
923391;Hasretmakbule;Ruck;a;$2a$10$6OBSZBO.nIsHKMMTBw9a.uEorKNIkm3g2Ql11wMt5rXWCtvC7iJUa;42;$2a$10$GrDwQagoeZhWumMlFJl6Me7mPA2AeEZGPjWE5ZXlMJQcarBlwI/3a;2008;5;Algo,HM,SWT;;4;3;7;3;5;3;3;3;3;3;5;7;3;3;4;7;4;5;4;6;3;3;7;
926676;Sinek;Röhl;a;$2a$10$WurgMJ6qzP7.rgLdUlEuTeq/C8Smhd3ApCJCqYH5BwRRfCVlvu5km;31;$2a$10$i.dSjsZAeFaPqwjTeOin0.PK3F9t6vABd3SiBvLLCEzcqiOnAm1cK;2008;5;Algo,HM,SWT;;4;5;5;5;3;7;7;5;7;5;7;3;3;7;3;6;4;7;3;6;3;3;5;
927135;Mübeccel;Puls;a;$2a$10$4h6aPtZmgDy9goDTJm.MSuk3oieOfyjBqV0bVJWrM1VA8CR3ER76G;36;$2a$10$pAjPTDSHUFL1gujkBn7lHuMgz/ay/iBTca5/70oulQbafb7LTDCSa;2008;3;LA,Algo,HM,SWT;;3;3;6;7;3;5;4;4;4;3;5;4;3;6;3;6;4;5;5;3;3;3;6;
927867;Rexhaj;Dahl;a;$2a$10$qES.b5bQDs1oQ0yXCnDMo.XTbHi2o6RtCggYXJBBLIxHznAJ3/Fcu;21;$2a$10$9X4oUug7PN5hKdJcNsUdcuglhg1vsDKrX/do1GJZYtF6Zx4ey7Nwq;2008;3;LA,Algo,HM,SWT;;3;4;4;5;3;6;6;3;3;7;5;3;3;6;3;6;4;4;3;3;3;3;5;
930707;Adjevi;Reusch;a;$2a$10$Gk4CAnhgItLzqQLEzaxnKega8aVftpNGLcm3l8WrNS8IJEdq12C3u;28;$2a$10$cC17DGCMJlTSS5TFmD0uMuHtlnAVpfP245Eb3fEOEAhzvAvDi4.R6;2008;3;LA,Algo,HM,SWT;;4;4;4;6;4;5;4;4;5;7;5;4;3;7;4;4;4;5;3;5;3;3;3;
945068;Muhiba;Knüppel;a;$2a$10$enrSTfU.5idx7WX8rem5quJAVD3cQmwQN3h5KVLPkzMJiZfV80.pq;4;$2a$10$2J3WIcEFpWmKyj/KunCrrOKdAAJz8arsC.dnLQm5ojez2IuijkpFS;2008;5;LA,Algo,HM,SWT;;5;6;3;7;4;5;3;5;4;3;5;3;3;5;6;7;4;5;6;4;4;3;4;
949579;Ewald-Hans;Wachter;a;$2a$10$OT2nKuRLZnk8/QU9nNkj3OblndNzhGFxyx0qdSaCdJOFDAW0/pf4K;36;$2a$10$pAjPTDSHUFL1gujkBn7lHuMgz/ay/iBTca5/70oulQbafb7LTDCSa;2008;3;LA,Algo,HM,SWT;;3;3;6;7;3;5;4;4;4;3;5;4;3;6;3;6;4;5;5;3;3;3;6;
950313;Milijana;Wolter;a;$2a$10$MqpXdWV7/y8AocjOO8vq6OAbQq9q/rbIqHzPBZBXnO31sdUT5AKkO;;;2008;5;Algo,HM,SWT;;5;5;3;6;4;3;4;3;6;7;4;3;5;6;3;3;4;5;6;3;3;5;3;
967540;Maria-Helene;Pfeil;a;$2a$10$ubXm/HFJAVcEqrv0DNcZDeIE9YE1HbnTFwwYGfi2dEyviRxDR2tMa;23;$2a$10$W1HlhXiuzBEbcbRszaPBpub1r2hSDd.V720L2oDO9mTgW6lh/ZKrC;2008;3;LA,Algo,HM,SWT;;6;4;3;7;4;5;3;3;3;4;3;3;3;6;3;4;4;4;6;7;3;3;4;
968102;Theresia;Rentsch;a;$2a$10$AtX6Aex.x.AwWPy5wWTJYeWEQ7kyzJKMhkhHjEXV6ERwrpYGwOoKO;40;$2a$10$CspiVTntrAW.1ZGfDoRYQOUPVh3xTj1XM2pcA6nsShQ0IHKMY3XjC;2008;3;LA,Algo,HM,SWT;;3;3;4;6;3;5;5;3;6;3;4;5;3;3;4;7;4;4;5;3;3;3;3;
980210;Nellya;Kast;a;$2a$10$kfIgldoLR1AZ1YhnBSxA5.L32Mu0eHZVVeplbC8AhGzuSFrpLPm1C;33;$2a$10$rJrcdU2s.yfeDCUhH3GefuPbwp.HvO2ViGsDf.T/Ph4OiFUh0e0Ku;2008;3;LA,Algo,HM,SWT;;6;5;4;7;3;7;3;5;5;3;7;6;3;7;6;7;4;7;6;4;3;3;4;
983692;Süleymann;Mehner;a;$2a$10$woz29cXxCFjPb5iBymi8WeWCxZGXucddzNwr3JMJeGfRklgbMHoEa;3;$2a$10$sqduozRkszM8tMUUaTC6W.9EIWYp/MBNqFrQBQeTz45T.j3AZldVS;2008;5;Algo,HM,SWT;;3;3;5;3;3;4;3;3;3;3;5;5;7;3;4;3;4;5;3;4;6;7;7;
988022;Sunsa;Geißler;a;$2a$10$YLCz.uwk7ZAcnBnAAEzCFe9T32/pDfd8J5yDajikoxbEnLkJMi.0u;10;$2a$10$hfQILxiQAY717kms3ecAIOm8A7Vx9tAdLUvKg9Ay4cyTPQ7AQkDh6;2008;4;Algo,HM,SWT;;5;6;5;4;3;6;5;3;4;3;6;5;3;7;3;6;4;6;3;3;3;3;4;
991914;Belagia;Reinert;a;$2a$10$eEQG2C5tTyCffuC9ubPDi.nyniFaQWYGgasJBYUO9nH5BeX6dkxVm;;;2008;3;Algo,HM,SWT;;6;3;6;4;3;5;3;5;4;3;6;5;7;5;4;5;4;4;6;5;7;7;4;
992573;Görr;Claußen;a;$2a$10$TVJEpfyQsy7X5DYrjfWRpe76MzD9rrQYrIn58Hf4eL1pyXPKNEfHm;;;2008;5;Algo,HM,SWT;;3;7;3;6;4;5;3;4;3;3;5;3;3;4;4;3;4;4;3;4;3;4;3;
994188;Filis;Heckel;a;$2a$10$eZODGyfYggEDsQAPb6CGDOuvPH9F/mIetlXvt4wDrNUd.LFgqh1sO;;;2008;7;LA,Algo,HM,SWT;;5;5;6;4;4;3;5;5;7;6;3;4;5;6;4;3;4;6;6;3;5;6;4;
1003391;Xuemei;Möckel;a;$2a$10$dYxzFcOFszmsmKOtt2GLBOOV.svxRJ/7nqdMIVJn./FRIU2B8BhFO;12;$2a$10$hMLNnKt2UooLBV2WLZP97uizoftREzBjwftyUvvKerKg/z3mv767e;2008;3;LA,Algo,HM,SWT;;5;7;6;3;5;5;5;4;5;4;4;6;4;5;6;3;4;7;5;5;4;4;6;
1112828;Kerasia;Lüth;a;$2a$10$vYc7Ryn65mrt8hOQTzGK8.EFnHxanuyua.XOrFmXaD43uyHZ55ZT2;17;$2a$10$lDLFarWipk/PlmYiNwl6X.T13ntlvATE9OlGQjxVT.UtQzn8sayJC;2008;5;LA,Algo,HM,SWT;;4;5;3;6;4;7;5;5;5;4;5;3;7;5;4;4;4;3;3;3;6;5;4;
1114187;Bloch;Fetzer;a;$2a$10$KnDrYVut2VScFa4Kodj4VuZ3/bpmbftHGjDedm4ewhr.xXbY8GM6i;44;$2a$10$BBnfyXOTQ9JCKKfa6umheud5WU89kxmS4blGJdlNdHgLGbxdtJRQG;2008;3;LA,Algo,HM,SWT;;3;4;6;3;3;3;3;5;3;6;3;6;5;3;5;3;4;7;3;4;5;4;6;
1114295;Madfa;Diener;a;$2a$10$odgvUxXEzS67rjAYKp8NVetpn.odZiHUq25v8EAUrMJpdrtTGoK6O;;;2008;5;Algo,HM,SWT;;4;5;4;7;4;4;6;5;5;3;6;6;3;7;4;5;4;5;7;7;3;3;5;
1115979;Maki;Jünger;a;$2a$10$hfXVQxnYv36F1YW65qhDY.rJadbmtYecG2XpGWaAO1Q9x/B1hmMkS;19;$2a$10$YcWIb5iMcUpDtRvmrZGY5O63bBjHJ/Nn3/43uv7fYfRsR3oOQ9Ns2;2008;5;Algo,HM,SWT;;5;5;4;7;3;7;3;6;4;3;3;5;6;5;5;7;4;6;6;5;6;7;7;
1009386;Zinka;Schramm;a;$2a$10$fSgc1gx/S9SJtn3/vdeAA.elhCEfSPmDVb2ppAaUOvIM0qZRA7pW2;;;2008;5;HM,SWT;;3;3;4;7;3;6;3;6;3;5;3;4;3;5;3;7;4;6;6;7;3;3;6;
1018651;Ehrenfried;Rein;a;$2a$10$mne7Ex7hBQOjZ3HwNfGK2eKKTowJsYQV65avT.m4HjcxjAsHRbY5S;45;$2a$10$YeqPyT57Bz7MMicNZtQiKOU9H4hKFcd4Jr2tvhfF3MFcRQYq395TW;2008;7;HM,SWT;;3;6;6;5;3;5;3;6;3;4;4;7;3;6;3;4;4;6;3;6;6;7;7;
1019087;Irme;Melchior;a;$2a$10$R4Ka.HGdS4kgcBsU1yzZEuVMGqh59.ABw.zeMqIDxcimHUZYmxXRG;;;2008;5;LA,HM,SWT;;5;4;6;4;4;5;4;6;5;3;5;6;5;5;3;6;4;6;5;7;5;3;5;
1024025;Rossitza;Polzin;a;$2a$10$AUetHbGJujS0wrm1NVWTUOTaoHVE3xZL2er9LxWoF4xcFbxh2/CIC;27;$2a$10$4gq/DZD2L8oLsmlv/D4IOueDU/BDbziLFiOKJwZcGPoIeV9RVhwtO;2008;3;LA,Algo,HM,SWT;;4;3;5;3;3;4;4;5;5;3;5;5;7;3;4;6;4;4;4;7;4;5;6;
1028343;Erika-Maria;Ring;a;$2a$10$XDHblZnBQwYyINqTn20Kk.yi7cMWPhktl9REV.7xCJ122YtG8X/JC;49;$2a$10$c6m7Ixhk.pd10etjsfxxhu.D.G1mx/BZHkAhwBYaK0WR0QIiDn4vC;2008;5;Algo,HM,SWT;;5;6;6;7;3;6;5;3;5;4;4;3;3;4;3;3;4;6;4;3;4;3;3;
1043511;Marcello;Baumer;a;$2a$10$I3uNIEs.qbBSkhSHdA3T7eVwj1tkHsYN3DnTPnlpZTf1r8kM7M35O;;;2008;5;LA,Algo,HM,SWT;;5;5;5;7;4;5;6;5;6;3;6;4;5;4;4;6;4;6;6;6;4;4;4;
1056056;Mandrina;Böse;a;$2a$10$6q8eJ4hg2msvMJ0/x24F/ejmL6.2/LMEApOEnIqWrW/byvhXLEJeK;2;$2a$10$VBw8nkD6w7x8mSu9mICsUOONcpip0Gvcm1K7SqjB5Lr//y3.O0iz2;2008;3;LA,Algo,HM,SWT;;4;5;5;7;5;7;7;4;7;3;7;5;4;4;5;4;4;4;6;5;4;4;6;
1057908;Tonja;Buss;a;$2a$10$kPncxkmsi0FzCURtSlsw8uSuYJHavInvBAJYY0ddZX61jUknQm50S;6;$2a$10$TtQowNZqWqdRt/f.yyb6j.N7IVkQO4c/chQkd.LsKSUvexqD5JWLi;2008;5;Algo,HM,SWT;;4;7;7;5;4;5;6;4;4;3;5;5;3;7;4;4;4;7;4;5;3;3;4;
1061731;Sigl;Wagenknecht;a;$2a$10$AUeMOpmZ/OANI8ugMOkuYu8utuZDf9ydO1ctV8p0X9wosH.wx0l8.;39;$2a$10$mTibm/KlLc.9jOg4Soeq7.28ipeojpejc2r.rM3Qx7lN0VUqApOCG;2008;3;Algo,HM,SWT;;3;3;6;7;3;6;3;6;6;5;6;5;4;6;3;7;4;5;4;3;3;3;6;
1068739;Vica;Grützner;a;$2a$10$dO2cVst5AZFk.hIJG0Ua2OfjBl4MXYPqWqXw7rMyMySFqMTFORZ/.;27;$2a$10$4gq/DZD2L8oLsmlv/D4IOueDU/BDbziLFiOKJwZcGPoIeV9RVhwtO;2008;3;LA,Algo,HM,SWT;;4;3;5;3;3;4;4;5;5;3;5;5;7;3;4;6;4;4;4;7;4;5;6;
1070429;Hukyiar;Brucker;a;$2a$10$98XtYoOff0vlMcAyK1rSSOAIhJptoEPo7fEaCXjFva.58LaUcjZoq;50;$2a$10$vwAjvgMaQOAlSEnYuaQesOdWBxr4WRq.l.x.sv2io60c163z51nei;2008;3;LA,Algo,HM,SWT;;4;6;6;7;4;6;4;4;4;6;6;4;4;4;4;7;4;6;6;6;3;4;5;
1076959;Hein-Eike;Rücker;a;$2a$10$4iHPPjMXIx.ScavwqBXQJe2taszDug2ifqLNg/OTnOamYovpsseG2;17;$2a$10$lDLFarWipk/PlmYiNwl6X.T13ntlvATE9OlGQjxVT.UtQzn8sayJC;2008;5;HM,SWT;;4;5;3;6;4;7;5;5;5;4;5;3;7;5;4;4;4;3;3;3;6;5;4;
1080592;Gheorghe;Bräuer;a;$2a$10$3rS02ipaxYYYENiriPOYW.FiLWPBjBtHkIirakLh6Sx9eMB4L2xDO;23;$2a$10$W1HlhXiuzBEbcbRszaPBpub1r2hSDd.V720L2oDO9mTgW6lh/ZKrC;2008;3;LA,Algo,HM,SWT;;6;4;3;7;4;5;3;3;3;4;3;3;3;6;3;4;4;4;6;7;3;3;4;
1092834;Waselko;Drechsel;a;$2a$10$CASQMfCGg3H5PQ5cpHgxZ.UwsyNB1IKv1ZqJbrZr3O3jhefp2GcWS;36;$2a$10$pAjPTDSHUFL1gujkBn7lHuMgz/ay/iBTca5/70oulQbafb7LTDCSa;2008;3;LA,Algo,HM,SWT;;3;3;6;7;3;5;4;4;4;3;5;4;3;6;3;6;4;5;5;3;3;3;6;
1096801;Azza;Haake;a;$2a$10$loB2pvk4to6eJCdJm9yaruaqLjdaU5Emxh3IoRkGVQguBTMPrNVjK;;;2008;5;Algo,HM,SWT;;4;6;7;6;5;3;4;5;4;4;3;6;3;5;5;6;4;7;5;5;3;3;4;
1110745;Mican;Gramlich;a;$2a$10$A71N6HNYQzY28/9E0CjIZeFkErtBSFXENMCDK/M0KcyjmWapwWyde;17;$2a$10$lDLFarWipk/PlmYiNwl6X.T13ntlvATE9OlGQjxVT.UtQzn8sayJC;2008;5;HM,SWT;;4;5;3;6;4;7;5;5;5;4;5;3;7;5;4;4;4;3;3;3;6;5;4;
1117898;Simone;Mauch;a;$2a$10$.Yu5YYGudwsRQV3oBQKtjur66wXMhm451HVAM8iJmhsXMgrw0CI1a;;;2008;5;LA,Algo,HM,SWT;;3;3;7;3;5;4;3;3;4;3;3;7;3;3;3;4;4;6;3;6;5;5;6;
1123154;Pennos;Herdt;a;$2a$10$e5sUa8yGdxN/mBr1T21.2eMrSXSOEmLW7ZjLOZXeApO29l0n31Rl6;39;$2a$10$mTibm/KlLc.9jOg4Soeq7.28ipeojpejc2r.rM3Qx7lN0VUqApOCG;2008;3;LA,Algo,HM,SWT;;3;3;6;7;3;6;3;6;6;5;6;5;4;6;3;7;4;5;4;3;3;3;6;
1124453;Wasilios;Dreher;a;$2a$10$jL077KS.Jzgx.DdTBt/8ded7.eDneWOA7XCArLswWPrJfGx8fSr..;;;2008;7;LA,HM,SWT;;6;4;3;5;3;4;4;4;4;7;4;3;4;4;4;7;4;5;4;3;5;4;5;
1136871;Ponniah;Scheler;a;$2a$10$Q6zWQLZ87VPIHvzMoeRPNeoBXOoaKJbibINw2NgrNKlcvomeK7xwe;43;$2a$10$y0.CQr6yD6gUYU6vRjfvlOc2Dg7kQE6GUhPMYmwQ5.K2b8LTysyQa;2008;7;Algo,HM,SWT;;3;3;4;7;3;5;4;5;3;6;6;4;3;6;3;3;4;4;3;5;3;3;3;
1137884;Miladinka;Goldmann;a;$2a$10$lbF5GT0DPQ/o1yCjVU0YcuWl5SIE1JaJ08VY1Gky.n0c.38lmRHGO;20;$2a$10$Ehbs5AkLcCqLz/rXlSCaweBLdwXtiW1uG5vWSeTtUgZZuZG8d9Gb.;2008;7;LA,Algo,HM,SWT;;7;5;5;7;6;4;3;4;3;3;7;5;3;3;7;3;4;6;5;5;3;3;5;
1138311;Klaus-Knut;Pohlmann;a;$2a$10$zJnFcBZ9PVnohsULh8Uv1uFIYfgHNqABptGZlat/GYQbwcOd1vTtq;16;$2a$10$awm/GKoWUabekfNq9i51tOw3SnUp5VR4wzeIdeKEy1v4xwzYEktFK;2008;3;LA,Algo,HM,SWT;;6;4;6;7;3;7;5;4;6;3;6;4;3;7;3;7;4;6;4;6;3;3;4;
1150260;Inanmis;Wenzl;a;$2a$10$0g/KdIJ34W0FGc/kNw1.keMbBjTdpAms0jHGmLMxWNJRbojlgIFI2;22;$2a$10$oJAo8gbvRc1pU6ZYfyC8..ekESci7PTeXl58.uSWkoC/XAWR8qTYC;2008;3;LA,Algo,HM,SWT;;3;7;7;4;3;6;3;4;4;4;3;6;4;5;3;6;4;7;5;6;3;3;5;
1155102;Gérard;Wollmann;a;$2a$10$CFvDweUhyNufCWgr.wkWGOW1r3oJzSrGMojDgx7fZf4QjefVLYehq;37;$2a$10$tfYM1yq1sfLfIqql4Pj68OjxFnf28xzI3/UTFTjed42IOcHdSBkGu;2008;3;LA,Algo,HM,SWT;;5;5;5;6;4;6;5;3;4;3;7;5;3;3;6;5;4;6;3;4;3;3;6;
1162895;Pejdo;Majewski;a;$2a$10$66wPzDAlfkUv1riNnalpIewK3YZlYThb0ptCmItyiAG30qxXiVo6m;52;$2a$10$vI1ILUr3GDrAf2CRA5ivG.dnL.ueUs8PHk42l3t.9pZtyOxJ3H6fa;2008;3;LA,Algo,HM,SWT;;3;5;6;4;4;4;3;4;4;5;3;6;4;7;4;6;4;5;4;5;4;4;7;
1180321;Aydin;Kluge;a;$2a$10$5xdSWcQDGHbGQS.EPS5hr.UUIypoLqRKDPXWvCSODHhsaAHVjMHVO;37;$2a$10$tfYM1yq1sfLfIqql4Pj68OjxFnf28xzI3/UTFTjed42IOcHdSBkGu;2008;3;LA,Algo,HM,SWT;;5;5;5;6;4;6;5;3;4;3;7;5;3;3;6;5;4;6;3;4;3;3;6;
1190408;Bajrami;Baumert;a;$2a$10$FtLy.MIaUj3GJ8g7I4wiXO2iKy5b7XD3LN.xyZC2xNZ0xL7GHr4M.;28;$2a$10$cC17DGCMJlTSS5TFmD0uMuHtlnAVpfP245Eb3fEOEAhzvAvDi4.R6;2008;5;Algo,HM,SWT;;4;4;4;6;4;5;4;4;5;7;5;4;3;7;4;4;4;5;3;5;3;3;3;
1192054;Filipcic;Guth;a;$2a$10$b3Oyy/wURZIiCU2yt0UQh.lqQkpqawmG57yEj4VCD/VGFWC9qnIo6;33;$2a$10$rJrcdU2s.yfeDCUhH3GefuPbwp.HvO2ViGsDf.T/Ph4OiFUh0e0Ku;2008;3;LA,Algo,HM,SWT;;6;5;4;7;3;7;3;5;5;3;7;6;3;7;6;7;4;7;6;4;3;3;4;
1204065;Rosmari;Seemann;a;$2a$10$eLLtmyeaI9pVZs4gbHr/zuRLz/A8/J5/eOB/5oaSUrjrGbDuMtZii;7;$2a$10$INchIDtXNXUsMLzNpemK3uL3EAMkfg.Qxv0jlRtC8FY/cjyM/SPye;2008;3;LA,Algo,HM,SWT;;6;7;6;7;4;7;3;3;4;7;3;6;3;3;3;5;4;5;3;4;5;5;4;
1204499;Sedzida;Brack;a;$2a$10$/9nrGlU2pzMQXvFMHsuoXe3mmjlFLzguo0MW0HniQxca9H/driQuK;15;$2a$10$EK6pExkUZSRnzMODzZ7bH.CA6KPDYmRMv5Pn8PwF00b8tNN0fXbqe;2008;3;Algo,HM,SWT;;3;5;4;7;3;6;3;5;3;3;6;4;3;3;3;6;4;5;3;5;3;4;6;
1208000;Maskut;Weinreich;a;$2a$10$.7gTYlJrJ9B.3MH51wn8Sel9iXWmKP14BAAL0Wm6d75uw8hT.OzF6;34;$2a$10$yDkwwcRE5qmR302S8rAN6OH3SzTV4PAcL8FOgXtJ9xHoWv0NXTq5C;2008;5;LA,Algo,HM,SWT;;4;7;5;6;3;3;6;4;5;5;4;5;3;6;6;7;4;6;5;3;3;3;6;
1211387;Siaullah;Schünemann;a;$2a$10$0/KqneqXtK8NSg5sqrvPtutNTQmor99Optw/FbmyfZAltO.LoB9Ti;;;2008;3;LA,Algo,HM,SWT;;5;5;5;7;3;4;4;4;3;3;5;3;3;3;3;4;4;7;6;3;3;3;3;
1216645;Önder;Bergmann;a;$2a$10$ibTKzlUfBrETbHYPjTEvA.AbtHi07tnHljY93b0qezzZGtM1VveWC;;;2008;3;Algo,HM,SWT;;5;7;5;5;3;5;4;5;6;4;5;5;5;4;3;3;4;6;5;6;7;6;6;
1220369;Margit;Große;a;$2a$10$torvv/hqzmgLW/n9JBQe9Oj5l7ZxIaQ7DI6e4YPSX9MbkSfBJIO9G;15;$2a$10$EK6pExkUZSRnzMODzZ7bH.CA6KPDYmRMv5Pn8PwF00b8tNN0fXbqe;2008;3;LA,Algo,HM,SWT;;3;5;4;7;3;6;3;5;3;3;6;4;3;3;3;6;4;5;3;5;3;4;6;
1222998;Heinz-Peter;Thom;a;$2a$10$c08SS7KNwpu4AcEFUvw/5OwFdJR/TBNBv/5SKVDyKdH7X.MmN/kNC;30;$2a$10$SlEt5p1v7/c2dqiSQwXzWOz5iLWW6HGRSX/Rv3yEJ0mJMTXvxzAd2;2008;3;Algo,HM,SWT;;4;5;3;7;4;7;3;6;5;4;7;4;5;7;7;6;4;7;6;3;4;5;7;
1227725;William;Salomon;a;$2a$10$nqirTLUAHmoFdmBO8aFFwOtYvEp90tjrfcpZeH2hbIlkJniFAiCu2;;;2008;3;Algo,HM,SWT;;6;5;5;6;3;4;4;6;7;6;6;5;4;4;3;4;4;4;4;7;3;3;7;
1252790;Delia;Scheurer;a;$2a$10$mNeAyaCgd1sZu8VuAmejvOoPYwvZUql/8nhyCvBIZ4CylzIp/QsJi;21;$2a$10$9X4oUug7PN5hKdJcNsUdcuglhg1vsDKrX/do1GJZYtF6Zx4ey7Nwq;2008;3;LA,Algo,HM,SWT;;3;4;4;5;3;6;6;3;3;7;5;3;3;6;3;6;4;4;3;3;3;3;5;
1258439;Moradi;Cremer;a;$2a$10$BMh90lwJxF9D5oLss4lFTu9O8Oby1g1NHORHSzRjlRAXgvQniIf2G;46;$2a$10$TbI6OgPJGueaFmAj5jSGmevRDFLiSVSrMjob.7hhZmrvvUuKNEgou;2008;3;LA,HM,SWT;;6;5;4;7;4;4;4;4;4;3;7;3;4;4;5;7;4;6;3;5;3;3;6;
1261403;Maximiliane;Bachmeier;a;$2a$10$iLYp9eU5XMham89n8jGLoO/Vco1gmzb4nXLQBwbQSesShSLfCBXPe;37;$2a$10$tfYM1yq1sfLfIqql4Pj68OjxFnf28xzI3/UTFTjed42IOcHdSBkGu;2008;3;LA,Algo,HM,SWT;;5;5;5;6;4;6;5;3;4;3;7;5;3;3;6;5;4;6;3;4;3;3;6;
1264488;Soraya;Neufeld;a;$2a$10$MNwS6QXx3TntytbPbP5M9.XfUSkQMFcmtu/0TszVx1r63Je.9pgY.;20;$2a$10$Ehbs5AkLcCqLz/rXlSCaweBLdwXtiW1uG5vWSeTtUgZZuZG8d9Gb.;2008;7;Algo,HM,SWT;;7;5;5;7;6;4;3;4;3;3;7;5;3;3;7;3;4;6;5;5;3;3;5;
1278115;Salvador;Schell;a;$2a$10$LHZfz9u.jxDXEMeEpikkFeU5GdL6NSZ8bqKq2YLCN5nzqlVjLlSzG;14;$2a$10$6guZVnUhb2JHW1sMFAy1n.I7XaDSEa72XWGal5w5H8WosTqxWYRG.;2008;3;LA,Algo,HM,SWT;;5;3;3;7;5;7;6;4;4;6;7;3;3;4;5;7;4;3;5;5;3;4;3;
1278649;Barjam;Lemke;a;$2a$10$buCsU12Cwjg1Len478Dlce.k34/O/THsZblHTPAaHtFDJZO/S0D9u;;;2008;6;LA,Algo,HM,SWT;;6;3;4;5;4;6;3;6;3;3;5;3;3;3;5;7;4;5;3;3;3;3;4;
1288515;Fenna;Stark;a;$2a$10$wm02ZwP3HpJVg8zFlsBnkuHCVtJsup06Rj/4vlBCG834wAkCpZRzK;;;2008;3;Algo,HM,SWT;;6;6;7;3;4;4;6;7;5;5;5;6;7;3;4;4;4;6;4;6;4;5;5;
1288970;Sche;Hanisch;a;$2a$10$uRlKjxyoLQujKZTB2A2msuHEKQ2UanxeBKMLSpqLh2r9TOJ4uk2ve;;;2008;5;LA,Algo,HM,SWT;;4;4;5;3;4;4;6;3;4;4;3;5;3;4;4;7;4;6;6;6;3;3;4;
1235953;Pitrella;Selle;a;$2a$10$lbBp3Sp9jtILbTz5MxU.6.Jj374PpAvLW8Zhz2woZGKCfAD7.wSfW;39;$2a$10$mTibm/KlLc.9jOg4Soeq7.28ipeojpejc2r.rM3Qx7lN0VUqApOCG;2008;3;Algo,HM,SWT;;3;3;6;7;3;6;3;6;6;5;6;5;4;6;3;7;4;5;4;3;3;3;6;
1236056;Peglis;Kolbeck;a;$2a$10$1NLi7PeMVOncVZqxpqbgO.LMd8sDWBOWKiS/84sFrMbmF.J2gz9ka;23;$2a$10$W1HlhXiuzBEbcbRszaPBpub1r2hSDd.V720L2oDO9mTgW6lh/ZKrC;2008;3;LA,Algo,HM,SWT;;6;4;3;7;4;5;3;3;3;4;3;3;3;6;3;4;4;4;6;7;3;3;4;
1237835;Mojmir;Storz;a;$2a$10$9IWFmdZwYkbko0b9c9cTreYjr4dklEn63ts6mOToaPt8opIIUUdly;;;2008;5;LA,HM,SWT;;5;4;5;7;4;4;6;4;4;4;6;4;4;6;5;4;4;5;6;5;3;3;5;
1238079;Melahat;Meurer;a;$2a$10$49qo05WR2l.0dltl7tZTDueqQmrB.UUEQKJsXl34nTojCuuLieaQi;34;$2a$10$yDkwwcRE5qmR302S8rAN6OH3SzTV4PAcL8FOgXtJ9xHoWv0NXTq5C;2008;5;Algo,HM,SWT;;4;7;5;6;3;3;6;4;5;5;4;5;3;6;6;7;4;6;5;3;3;3;6;
1238364;Fabuizio;Sedlmeier;a;$2a$10$Kbwz418xFH0od6hqBTtWG.6TFhGkl.WEJP1CXfNAsomEWPRZWGhbe;;;2008;5;HM,SWT;;7;6;7;3;3;3;5;5;5;7;5;3;5;5;5;3;4;4;5;5;5;5;4;
1239682;Fadileh;Rückert;a;$2a$10$2BtV9YU7JRehWrd4Rf3Zr.G5r47fxJxyC/dLrNLA1hEk3o9x9iZBe;;;2008;5;LA,Algo,HM,SWT;;4;7;6;3;6;3;3;5;3;5;4;5;6;6;6;5;4;4;5;5;5;5;5;
1240791;Lilija;Gröne;a;$2a$10$hQygX5tUnVOtIEoBNkrh.e2kuF8kTeQg5FnIcakjAE6hNvxXZetFK;;;2008;7;LA,HM,SWT;;5;6;4;7;5;6;4;5;4;3;5;5;5;3;6;3;4;5;5;5;3;3;6;
1244009;Kuraja;Rieger;a;$2a$10$9qjCH1y5TGgkTm4gtzs4t.igyYDtDSzMjSOwhyTz7TKv8pH0LSmaa;45;$2a$10$YeqPyT57Bz7MMicNZtQiKOU9H4hKFcd4Jr2tvhfF3MFcRQYq395TW;2008;3;LA,Algo,HM,SWT;;3;6;6;5;3;5;3;6;3;4;4;7;3;6;3;4;4;6;3;6;6;7;7;
1244843;Anis;Pesch;a;$2a$10$EyVAZMz52kLq8PdvllWnkuwV30BHxcV6.3GBMKJtr2NeHESgUeIRm;27;$2a$10$4gq/DZD2L8oLsmlv/D4IOueDU/BDbziLFiOKJwZcGPoIeV9RVhwtO;2008;3;LA,Algo,HM,SWT;;4;3;5;3;3;4;4;5;5;3;5;5;7;3;4;6;4;4;4;7;4;5;6;
1245029;Nasim;Brugger;a;$2a$10$JX8zAC/qYQ6NRiWnHdpBSezPDbP4deswu9JgV7g.xzDoMY6svGNme;51;$2a$10$ual7KaSPCqZEwq9sQ94F9Oa.yxDoHS6gzeNQFOn6hCQ9FI4a7UkVK;2008;3;LA,Algo,HM,SWT;;3;4;3;3;3;3;6;3;4;5;3;4;3;4;3;5;4;5;3;3;4;5;7;
1247503;Safak;Limbach;a;$2a$10$1Zspjllc75nZVPwqmOrZfOC0n8PD3yFW2B64CAIKq2Z789RpHjvLa;46;$2a$10$TbI6OgPJGueaFmAj5jSGmevRDFLiSVSrMjob.7hhZmrvvUuKNEgou;2008;3;LA,Algo,HM,SWT;;6;5;4;7;4;4;4;4;4;3;7;3;4;4;5;7;4;6;3;5;3;3;6;
1247547;Haider;Veith;a;$2a$10$og/csCa9jAaTFoObHE3ReuTccUn2TcpJ5n9M1r0g1uL.PjU9Esh9u;48;$2a$10$qp/SWHmZ0iwNx8E/Xtw7/OENcFWqE2GX5vBi8GTN2vNQWZlKZzDAy;2008;5;Algo,HM,SWT;;3;5;4;7;3;7;3;5;6;7;7;4;7;5;6;5;4;6;4;3;3;3;6;
1307101;Ulf-Karsten;Pätzold;a;$2a$10$aaWuOzP/rfXvtHlZ5N35w.UvQ2A0Bf52Id/GiBQJod0EHlp.6xajO;38;$2a$10$stsgE4lngrRmlh218VYuZ.5dXIIOAVhASOmtucamX3eXpzt1jGfOW;2008;3;LA,HM,SWT;;3;5;3;7;4;6;3;4;3;4;7;3;4;7;5;3;4;3;5;6;3;5;6;
1310605;Harra;Ehret;a;$2a$10$m7YRrsWww66Fu99cCT9bfOnd.5v/zttxt4s/iXFEf/an7wWi98Z5y;10;$2a$10$hfQILxiQAY717kms3ecAIOm8A7Vx9tAdLUvKg9Ay4cyTPQ7AQkDh6;2008;3;LA,Algo,HM,SWT;;5;6;5;4;3;6;5;3;4;3;6;5;3;7;3;6;4;6;3;3;3;3;4;
1320743;Amporn;Rank;a;$2a$10$Nw2lu/0eXcBrF251Znj8WOXP5A1WpLuzzrj0ZkczZy2TkEp2PPZzi;;;2008;3;Algo,HM,SWT;;3;4;7;6;3;4;3;3;3;5;7;3;3;7;3;5;4;7;7;3;3;4;3;
1323482;Art;Radke;a;$2a$10$0x1dCRJzKespyDoSeecfBOM0dKnrDV6Xq8Y11miG4WkHsbs1ZRWVS;19;$2a$10$YcWIb5iMcUpDtRvmrZGY5O63bBjHJ/Nn3/43uv7fYfRsR3oOQ9Ns2;2008;5;Algo,HM,SWT;;5;5;4;7;3;7;3;6;4;3;3;5;6;5;5;7;4;6;6;5;6;7;7;
1327562;Keld;Kahlert;a;$2a$10$fKtIi1G2CoA08P0IDyopnudnpI/TijFDEkIt7V.2g0JFopiV/JKei;;;2008;3;LA,Algo,HM,SWT;;3;4;6;4;3;3;3;3;4;4;3;4;4;4;3;3;4;7;3;4;5;3;4;
1333120;Ingeburg;Baumgärtel;a;$2a$10$NYTGo4VK0DwAESf/xcrHVeDpun0cKCKlsalUWHTYTwdcKY.ks57Jm;31;$2a$10$i.dSjsZAeFaPqwjTeOin0.PK3F9t6vABd3SiBvLLCEzcqiOnAm1cK;2008;5;LA,Algo,HM,SWT;;4;5;5;5;3;7;7;5;7;5;7;3;3;7;3;6;4;7;3;6;3;3;5;
1336575;Ates;Gerhard;a;$2a$10$EchR1tZlpsf/OmQ9PSxmfObsYYrctXkuMSnXZFFDhc3myTFpocdty;18;$2a$10$FfGLYYVTE784SBqUqOPzKei8jpBsY8wvqB.L9vKaJ6GKBpAjimLzu;2008;3;HM,SWT;;4;7;6;5;3;7;4;4;4;3;5;3;6;7;6;7;4;4;4;4;3;3;6;
1340845;Altintas;Matthies;a;$2a$10$ay6K07MItfOVGlrQg0G9bOYDPKynz42LXjHfBqGIkQrV6HVnQhDGa;;;2008;3;LA,Algo,HM,SWT;;4;5;5;7;3;5;3;5;3;7;5;4;5;3;3;5;4;5;4;4;4;3;3;
1341061;Mandita;Schwenk;a;$2a$10$vNySfJOvmk3NkOOck3uQnO0IdHMcFIdcjE.Usts01YBIryMxjnqe.;41;$2a$10$JPLybTXG1IUYXeawKUYe4unjaUKw3..qq2VpqSXZMXPbafpBGs/SW;2008;5;LA,Algo,HM,SWT;;4;6;4;6;5;7;3;5;5;3;6;7;3;6;6;7;4;3;3;5;4;4;7;
1358287;Khorram;Vogel;a;$2a$10$GTow7HcNOQED2APWA.mQPOY5/rVyDE3crtwRd5hu1ZoMzSfNNyw4G;5;$2a$10$x7ErNxpubnmSdr4z1IVMKOiSUWPFrlL1UkYgqxGsjiigd2X3hoNVS;2008;3;LA,Algo,HM,SWT;;4;6;6;4;4;5;4;4;4;3;5;5;4;4;4;3;4;6;3;6;3;3;3;
1363294;Panagiotis;Keppler;a;$2a$10$8r5B/RDlizIa/F1ZUijsb.gQlCOtyD6Ns2pIdYVySF3YHsa7flM.e;9;$2a$10$nHUfEz.GC5//qs5BHrY4Ou8QZj3FhsATrzwUazXRVR0cT5XZdSg2y;2008;3;LA,Algo,HM,SWT;;5;4;5;4;4;5;5;4;6;5;5;4;5;5;4;7;4;6;7;4;4;3;4;
1369457;Gavin;Stellmacher;a;$2a$10$7r/FRCOJNWPFHyiXmG/Eoe2gIeO1BibCafn85CObMfSPYomwcRc.6;;;2008;3;HM,SWT;;5;5;6;7;3;6;3;3;4;5;3;5;5;7;3;7;4;5;6;5;3;3;3;
1292380;Jürgen-Dieter;Tröger;a;$2a$10$ruQhPFZwioTX80X6QYHWMO4zCfdI8ZwQQFDSIpv4iuUYDrVJasNUy;36;$2a$10$pAjPTDSHUFL1gujkBn7lHuMgz/ay/iBTca5/70oulQbafb7LTDCSa;2008;3;LA,Algo,HM,SWT;;3;3;6;7;3;5;4;4;4;3;5;4;3;6;3;6;4;5;5;3;3;3;6;
1292450;Lollia;Sohn;a;$2a$10$f9vmevc.qcZWLVVsfpHff.Z..GgUokLTTIRF4s5Iio4HiIQuacRQK;17;$2a$10$lDLFarWipk/PlmYiNwl6X.T13ntlvATE9OlGQjxVT.UtQzn8sayJC;2008;5;LA,Algo,HM,SWT;;4;5;3;6;4;7;5;5;5;4;5;3;7;5;4;4;4;3;3;3;6;5;4;
1292726;Annemari;Denk;a;$2a$10$90rHWVoYsuk4yeeZNee93e/UXBu/Rgt5Gfb93JiAq3UJxLsb0LN6e;51;$2a$10$ual7KaSPCqZEwq9sQ94F9Oa.yxDoHS6gzeNQFOn6hCQ9FI4a7UkVK;2008;3;LA,Algo,HM,SWT;;3;4;3;3;3;3;6;3;4;5;3;4;3;4;3;5;4;5;3;3;4;5;7;
1293673;Karolus;Langhans;a;$2a$10$yLuh06ucjP67XRO1xRo/8uwGfjUVb6SKVCNclv3rUU96c1dh/LcJ2;5;$2a$10$x7ErNxpubnmSdr4z1IVMKOiSUWPFrlL1UkYgqxGsjiigd2X3hoNVS;2008;3;LA,Algo,HM,SWT;;4;6;6;4;4;5;4;4;4;3;5;5;4;4;4;3;4;6;3;6;3;3;3;
1295143;Daniza;Mehl;a;$2a$10$x7dldvpCG6pyWpWuqJEidOM9ZVjaaM6xZ3x3fiQ/.161xr0YluubO;13;$2a$10$uJN6KVykT/oB0pOd42TmpuNZtB7YA54NRNaLLI3ezmyGZgPtdH8VC;2008;3;LA,Algo,HM,SWT;;3;7;6;5;5;5;3;4;5;6;3;4;3;4;4;7;4;3;4;6;4;4;3;
1296011;Olferino;Palm;a;$2a$10$dIeL2ETshA1.7jDboTPSX.xrbm8fm0VCQUxBq9hdXnB/FCKlwqvaG;48;$2a$10$qp/SWHmZ0iwNx8E/Xtw7/OENcFWqE2GX5vBi8GTN2vNQWZlKZzDAy;2008;5;LA,Algo,HM,SWT;;3;5;4;7;3;7;3;5;6;7;7;4;7;5;6;5;4;6;4;3;3;3;6;
1305788;Gülsüm;Wiedmann;a;$2a$10$TAZul7letw3s/62LomZQYucxGcTyDbay.JCn3UssOdTazFPj8GBJe;27;$2a$10$4gq/DZD2L8oLsmlv/D4IOueDU/BDbziLFiOKJwZcGPoIeV9RVhwtO;2008;5;Algo,HM,SWT;;4;3;5;3;3;4;4;5;5;3;5;5;7;3;4;6;4;4;4;7;4;5;6;
1306149;Dilber;Altmann;a;$2a$10$kc3L7ITGYZJdaGPCoB4kVe1f9ysn4hbcHq7bbVMZQyfWosQDdCPn.;25;$2a$10$5coRegyCFR/GTrZszTf7/eCNuqU/0t.5okVvSVA/8/VbBAQDuWaMO;2008;3;Algo,HM,SWT;;5;5;7;7;3;6;4;5;4;4;6;6;3;6;4;6;4;7;5;5;3;3;3;
1371212;Toska;Rosenbaum;a;$2a$10$h8BqUuRpXSHpGHQfWfgo3eKhnpVY34LSIWmFQwmezKOwa9K9bwjt6;14;$2a$10$6guZVnUhb2JHW1sMFAy1n.I7XaDSEa72XWGal5w5H8WosTqxWYRG.;2008;3;LA,Algo,HM,SWT;;5;3;3;7;5;7;6;4;4;6;7;3;3;4;5;7;4;3;5;5;3;4;3;
1378335;Mesinovic;Götze;a;$2a$10$MJD1mOvy5u5Rm0A3VP15K.eDka7haSnKgP/7smhhbeHL2sBrvp46W;24;$2a$10$pmEpxbQ3x2M.dQYPCTwuaOzvbtqc7cnIRy.BkqV54cW/qiXBMS4mG;2008;3;Algo,HM,SWT;;5;5;3;4;5;6;4;5;6;4;5;3;3;6;5;6;4;7;5;7;3;4;6;
1379355;Dordo;Ludewig;a;$2a$10$c26ApWHqaWep/X9n756y7.soDlYYWi8hIi.Ssjg.ecZ.rOQ0XSIUW;;;2008;3;LA,Algo,HM,SWT;;4;3;3;5;4;4;3;3;4;3;4;3;3;7;4;4;4;3;4;4;3;3;3;
1384172;Yuness;Thom;a;$2a$10$joy8pvc1ZMtMYxs1j1fvhe3sa7XwGkoH1o9yksraM.Mlsv.xOmVqq;23;$2a$10$W1HlhXiuzBEbcbRszaPBpub1r2hSDd.V720L2oDO9mTgW6lh/ZKrC;2008;3;Algo,HM,SWT;;6;4;3;7;4;5;3;3;3;4;3;3;3;6;3;4;4;4;6;7;3;3;4;
1387552;Marie-Paule;Bräuer;a;$2a$10$L7rkx8YOzjc.bh.TrCVvRuBdGMtsir2gIcExYg/4nabGlYnwy7Sku;;;2008;7;HM,SWT;;7;5;7;5;4;3;3;5;4;3;5;6;4;7;4;3;4;7;4;6;3;4;5;
1390303;Feuvranija;Meinhardt;a;$2a$10$N.Weht9stSariptWmKDnP.pl0LKqhSE5DlpMSvxJyjIIQcsjGrcrm;28;$2a$10$cC17DGCMJlTSS5TFmD0uMuHtlnAVpfP245Eb3fEOEAhzvAvDi4.R6;2008;5;LA,Algo,HM,SWT;;4;4;4;6;4;5;4;4;5;7;5;4;3;7;4;4;4;5;3;5;3;3;3;
1392000;Mersiye;Danner;a;$2a$10$SS/8zr53YR6TidYxJb.JXOACc8mb8LgIX1WwsSOC.2hJtSZuiIlYS;;;2008;3;LA,HM,SWT;;3;7;4;4;3;6;5;4;4;4;3;3;4;3;3;4;4;4;3;3;3;3;3;
1395521;Yesilkaya;Förtsch;a;$2a$10$XSif.o8E2CH2MmQbJRkCCucHJNjBE5iPAEGBhfcui84lsLURQwFlG;25;$2a$10$5coRegyCFR/GTrZszTf7/eCNuqU/0t.5okVvSVA/8/VbBAQDuWaMO;2008;3;Algo,HM,SWT;;5;5;7;7;3;6;4;5;4;4;6;6;3;6;4;6;4;7;5;5;3;3;3;
1411679;Sina;Stolte;a;$2a$10$LTN1vkBD5r7VTjy8/RQjCOf5OjNaUh/sYIsK33JYYE3TuZ9JTd98G;37;$2a$10$tfYM1yq1sfLfIqql4Pj68OjxFnf28xzI3/UTFTjed42IOcHdSBkGu;2008;3;LA,HM,SWT;;5;5;5;6;4;6;5;3;4;3;7;5;3;3;6;5;4;6;3;4;3;3;6;
1413054;Jeanine;Schnieders;a;$2a$10$rYQWklZCSDoCFdPW6pgIG.9Vs4TKOPJ78bR01WbAJt3kT6RLMNXc2;29;$2a$10$ECXKcZ/qoZCrxXg9RPgEUu3tuRT17s/aCofYAL3VPwEYA/YkCkPSK;2008;3;HM,SWT;;4;5;7;7;4;6;3;3;4;3;4;4;3;3;3;6;4;7;6;4;3;3;3;
1415828;Rodoslav;Polster;a;$2a$10$P5eUoAIFheWcZ.v3wXPNKOv8XM5nxM7sHwIJPqbFH83t28hysbEAC;47;$2a$10$Dr6D0PowIMj9KlnRQGvFCOC59kF.N/gCVB7WpuSoPImz/pA5hxH8q;2008;3;Algo,HM,SWT;;4;4;7;6;5;3;4;3;3;3;7;5;3;6;5;7;4;6;5;4;3;3;7;
1416815;Fatin;Klug;a;$2a$10$y7EQFFF5ipumdY11I6wGkO0EO7oQpb/0wYwZN6CdxwTOrf44Mt8Ja;23;$2a$10$W1HlhXiuzBEbcbRszaPBpub1r2hSDd.V720L2oDO9mTgW6lh/ZKrC;2008;5;LA,Algo,HM,SWT;;6;4;3;7;4;5;3;3;3;4;3;3;3;6;3;4;4;4;6;7;3;3;4;
1422557;Amanuel;Oehme;a;$2a$10$R5ufjtu.V4mDt6sGfc1/tu7ISNozMHEzu7SjaIoBHB04YWw2lzjfC;25;$2a$10$5coRegyCFR/GTrZszTf7/eCNuqU/0t.5okVvSVA/8/VbBAQDuWaMO;2008;3;LA,Algo,HM,SWT;;5;5;7;7;3;6;4;5;4;4;6;6;3;6;4;6;4;7;5;5;3;3;3;
1422801;Fredl;Schwartz;a;$2a$10$gAOnFo4ImdHvHauIz7p9w.TY1IIX6X1Nn0bpJjMQXyn7FwIOXQSiG;;;2008;3;HM,SWT;;3;6;3;4;6;4;3;3;4;5;3;4;3;3;6;7;4;4;4;4;3;3;6;
1429752;Ademaj;Göhring;a;$2a$10$lN7xJIRbfwBUX8z02PUxGu7RNT3nsHAgzpvvymeanYIrDfGfKCPpO;35;$2a$10$JJLUQGINf5XJc1t95E9X9.GfR2JwFCS7sLTuyIo0/2uUqJMKR0x12;2008;5;Algo,HM,SWT;;5;5;5;7;5;6;3;5;3;5;5;5;3;5;5;6;4;6;6;5;3;3;6;
1432745;Inci;Fehrenbach;a;$2a$10$v9ka1YdrH4JOyyZ/wwuH1uYzY.G4937uAY7tKC3qKDrWwwiNWiAH6;;;2008;7;HM,SWT;;5;5;6;6;4;4;4;6;5;3;3;4;3;7;4;6;4;6;3;6;3;3;5;
1433689;Ismael;Fritsche;a;$2a$10$6GHUv.rpVHIPvAS0ExysY.aDVbbuYa3GWoDpgE5Z2AHj5l33qJDgm;6;$2a$10$TtQowNZqWqdRt/f.yyb6j.N7IVkQO4c/chQkd.LsKSUvexqD5JWLi;2008;5;LA,HM,SWT;;4;7;7;5;4;5;6;4;4;3;5;5;3;7;4;4;4;7;4;5;3;3;4;
1450017;Cort;Hoch;a;$2a$10$osuxFCE3lAhEaex6BFj4vuzwKQSQMYqxMZpjuL6m.9BWgtrWDW.V6;;;2008;7;LA,HM,SWT;;6;6;7;5;4;6;3;3;4;6;7;5;6;3;5;7;4;3;6;3;7;7;4;
1452292;Ashley;Gräber;a;$2a$10$0eqtKBP0j2/4K0AYYBwAze1qURh9zsyKQ5UP7Qq8EN58wMC5BQnQe;27;$2a$10$4gq/DZD2L8oLsmlv/D4IOueDU/BDbziLFiOKJwZcGPoIeV9RVhwtO;2008;3;LA,HM,SWT;;4;3;5;3;3;4;4;5;5;3;5;5;7;3;4;6;4;4;4;7;4;5;6;
1454446;Karabas;Ertel;a;$2a$10$1hVyycsWfd43laxaxEaOW.J6C3xFoMk/P6EG82YQN6mazyYu5xT5S;45;$2a$10$YeqPyT57Bz7MMicNZtQiKOU9H4hKFcd4Jr2tvhfF3MFcRQYq395TW;2008;3;HM,SWT;;3;6;6;5;3;5;3;6;3;4;4;7;3;6;3;4;4;6;3;6;6;7;7;
1469651;Sebaat;Lücke;a;$2a$10$/W.BoXOXuHQJoD6XIfJ6eeo.hD8upVVPu8RDQSrLUOFW9mP2UuvFC;24;$2a$10$pmEpxbQ3x2M.dQYPCTwuaOzvbtqc7cnIRy.BkqV54cW/qiXBMS4mG;2008;3;LA,Algo,HM,SWT;;5;5;3;4;5;6;4;5;6;4;5;3;3;6;5;6;4;7;5;7;3;4;6;
1470725;Rago;Laufer;a;$2a$10$Bv1pbz/ZN07w45ZI9PhN/ev.kSACR0tdCEqKKp9ZmTcd4M3VcMzeC;;;2008;9;HM,SWT;;5;7;5;7;5;6;5;5;6;3;6;3;5;7;5;4;4;6;5;4;5;5;4;
1480999;Loan;Köpke;a;$2a$10$lOlA.vRZYj5LXXPIVyNh3.D6rZtMpPYblgE/Y6c5WCd6OQLSfTH2W;;;2008;5;LA,HM,SWT;;4;4;5;5;3;4;3;5;3;3;3;5;3;7;5;5;4;4;3;5;3;3;3;
1493177;Mirjana;Brosch;a;$2a$10$KO0/QNpo0X75AvrGLe7oE.rNqeV601vzc5HN.DYRXdf0XY4uthSSO;47;$2a$10$Dr6D0PowIMj9KlnRQGvFCOC59kF.N/gCVB7WpuSoPImz/pA5hxH8q;2008;3;LA,Algo,HM,SWT;;4;4;7;6;5;3;4;3;3;3;7;5;3;6;5;7;4;6;5;4;3;3;7;
1495005;Kirsa;Noe;a;$2a$10$h8ThsWvv5iepEoRDd2a46udTT9L6O14ROUw0eMcWkCvZ78flmxe4C;21;$2a$10$9X4oUug7PN5hKdJcNsUdcuglhg1vsDKrX/do1GJZYtF6Zx4ey7Nwq;2008;3;LA,Algo,HM,SWT;;3;4;4;5;3;6;6;3;3;7;5;3;3;6;3;6;4;4;3;3;3;3;5;
1498916;Yoshiyuki;Kötter;a;$2a$10$a9vDf2guVLoMiP8T7x.WTOnZJguQwJs6N3IrBkCiowzNWG8WNCL96;;;2008;3;LA,Algo,HM,SWT;;4;6;4;7;3;4;5;5;3;3;5;3;5;3;4;3;4;6;5;3;3;3;3;
1506197;Imkea;Sachs;a;$2a$10$Cj9La88iRuassK665h9cA.S2nzmUXDj71NHrWAfwy4SKVjprkQzU6;26;$2a$10$s48kAVpIM3mYl5ksqdbBXOWh5dDxcEgTWwiYGTDSlGdhVUmVSDj5y;2008;3;LA,Algo,HM,SWT;;4;6;6;4;4;6;3;5;4;3;5;5;4;4;4;3;4;7;5;6;3;6;5;
1507583;Anadolu;Kircher;a;$2a$10$23/LLsgOvnnkpNWojbiIVu909NG/sSV3ejuKQJxlAh0hyZLLhHnIC;20;$2a$10$Ehbs5AkLcCqLz/rXlSCaweBLdwXtiW1uG5vWSeTtUgZZuZG8d9Gb.;2008;7;Algo,HM,SWT;;7;5;5;7;6;4;3;4;3;3;7;5;3;3;7;3;4;6;5;5;3;3;5;
1523702;Eusebia;Amend;a;$2a$10$hJWsJYnBhaTVADXm09C3QupWX0VX67vUp7RjToR2t1eE9ac1/KiMe;36;$2a$10$pAjPTDSHUFL1gujkBn7lHuMgz/ay/iBTca5/70oulQbafb7LTDCSa;2008;3;LA,Algo,HM,SWT;;3;3;6;7;3;5;4;4;4;3;5;4;3;6;3;6;4;5;5;3;3;3;6;
1529980;Yorck;Moldenhauer;a;$2a$10$5tume.DFWOyg32k7nLltIe31ALiXvd/mf6hgquMz3zfiImZlZE0GW;32;$2a$10$i7VRP/WBm7wkdEFVY1ovNutVEifNC6mG9AXlAWcSIwD5fAEbVGUfy;2008;3;Algo,HM,SWT;;3;3;4;4;3;4;3;3;3;7;3;3;4;5;3;7;4;4;3;3;7;7;6;
1530023;Mogens;Eichmann;a;$2a$10$.zUrBRrn/cyKBPiiDW7ttuvQlzpZxB5fyZcrME2Nx08AAfw4gxNxm;49;$2a$10$c6m7Ixhk.pd10etjsfxxhu.D.G1mx/BZHkAhwBYaK0WR0QIiDn4vC;2008;5;LA,Algo,HM,SWT;;5;6;6;7;3;6;5;3;5;4;4;3;3;4;3;3;4;6;4;3;4;3;3;
1531192;Tessa;Schumacher;a;$2a$10$WyRWOHzxcyarrOHavg/uf.O4Iahn8oAV94GkDajJWAdB3pnlbNWdm;34;$2a$10$yDkwwcRE5qmR302S8rAN6OH3SzTV4PAcL8FOgXtJ9xHoWv0NXTq5C;2008;5;LA,Algo,HM,SWT;;4;7;5;6;3;3;6;4;5;5;4;5;3;6;6;7;4;6;5;3;3;3;6;
1541700;Her;Seliger;a;$2a$10$OgLRYpRUZExWYEzWCk.ULO8U5cIC5dBI0TSP2Zqj5Za8GB0tZep8O;7;$2a$10$INchIDtXNXUsMLzNpemK3uL3EAMkfg.Qxv0jlRtC8FY/cjyM/SPye;2008;3;HM,SWT;;6;7;6;7;4;7;3;3;4;7;3;6;3;3;3;5;4;5;3;4;5;5;4;
1541914;Bertram;Friedmann;a;$2a$10$ql9rQeRzZtu03xM94KVg/OjtrncfjPQoekKtraXatvovdNkiXehX2;22;$2a$10$oJAo8gbvRc1pU6ZYfyC8..ekESci7PTeXl58.uSWkoC/XAWR8qTYC;2008;3;LA,Algo,HM,SWT;;3;7;7;4;3;6;3;4;4;4;3;6;4;5;3;6;4;7;5;6;3;3;5;
1544865;Die;Zinke;a;$2a$10$pil7AA.U//nNVvO1t0scPeHBJKtDGLIY0XrO9qR2Zgf9/MoNXYL4O;41;$2a$10$JPLybTXG1IUYXeawKUYe4unjaUKw3..qq2VpqSXZMXPbafpBGs/SW;2008;5;LA,Algo,HM,SWT;;4;6;4;6;5;7;3;5;5;3;6;7;3;6;6;7;4;3;3;5;4;4;7;
1550534;Vanda;Schäffler;a;$2a$10$Sb2.HILhhO9MidNz9Ng/XOPBgzcKMiko9QJwaV7uI6naCa4pyGxWm;45;$2a$10$YeqPyT57Bz7MMicNZtQiKOU9H4hKFcd4Jr2tvhfF3MFcRQYq395TW;2008;3;LA,Algo,HM,SWT;;3;6;6;5;3;5;3;6;3;4;4;7;3;6;3;4;4;6;3;6;6;7;7;
1458943;Heijo;Stapf;a;$2a$10$6XdmFLK8CIyXKEBrV6lBTuKVFLN43CmxgdBBiKJ4o6iZajnO/m5RO;52;$2a$10$vI1ILUr3GDrAf2CRA5ivG.dnL.ueUs8PHk42l3t.9pZtyOxJ3H6fa;2008;3;LA,Algo,HM,SWT;;3;5;6;4;4;4;3;4;4;5;3;6;4;7;4;6;4;5;4;5;4;4;7;
1462989;Paulin;Bausch;a;$2a$10$paUUh6wEE0NM3cfuyiGAs.brBhG8fPPxyjWkpkDg3KoJu1d944smi;37;$2a$10$tfYM1yq1sfLfIqql4Pj68OjxFnf28xzI3/UTFTjed42IOcHdSBkGu;2008;3;LA,Algo,HM,SWT;;5;5;5;6;4;6;5;3;4;3;7;5;3;3;6;5;4;6;3;4;3;3;6;
1463131;Palic;Mende;a;$2a$10$9tsPuHGO7TTVeKBr0yX2y.XBmRQjub1xfvtlLITY7QnPVrRcLa8Wq;49;$2a$10$c6m7Ixhk.pd10etjsfxxhu.D.G1mx/BZHkAhwBYaK0WR0QIiDn4vC;2008;5;HM,SWT;;5;6;6;7;3;6;5;3;5;4;4;3;3;4;3;3;4;6;4;3;4;3;3;
1464387;Jean-Marie;Deininger;a;$2a$10$2S/WDj1nJ2Jlpk3MzlzuP.T0CyG3qkHBz4si4kU8TmgMuxPRKAm5q;40;$2a$10$CspiVTntrAW.1ZGfDoRYQOUPVh3xTj1XM2pcA6nsShQ0IHKMY3XjC;2008;3;LA,Algo,HM,SWT;;3;3;4;6;3;5;5;3;6;3;4;5;3;3;4;7;4;4;5;3;3;3;3;
1551031;Miliu;Siemers;a;$2a$10$jFsE5vT2TxppH8nU7wuG.uxkG3qmG9U.aeYKDl8CRd5f62evwKouC;5;$2a$10$x7ErNxpubnmSdr4z1IVMKOiSUWPFrlL1UkYgqxGsjiigd2X3hoNVS;2008;3;LA,Algo,HM,SWT;;4;6;6;4;4;5;4;4;4;3;5;5;4;4;4;3;4;6;3;6;3;3;3;
1561476;Tareq;Wegmann;a;$2a$10$n6vfcF.cUKgmJ6IbIyxNuO7K1JhsF3gtbKHISEY.YOFE3yXOnWdMu;38;$2a$10$stsgE4lngrRmlh218VYuZ.5dXIIOAVhASOmtucamX3eXpzt1jGfOW;2008;7;LA,Algo,HM,SWT;;3;5;3;7;4;6;3;4;3;4;7;3;4;7;5;3;4;3;5;6;3;5;6;
1582488;Hicran;Meurer;a;$2a$10$lV13B8UwKFhxE/aCJGMuZOeW3UcHQov/OlgHRHV2uTKZqxZxt5Hai;48;$2a$10$qp/SWHmZ0iwNx8E/Xtw7/OENcFWqE2GX5vBi8GTN2vNQWZlKZzDAy;2008;5;LA,Algo,HM,SWT;;3;5;4;7;3;7;3;5;6;7;7;4;7;5;6;5;4;6;4;3;3;3;6;
1583687;Erdmuthe;Kurtz;a;$2a$10$JhtdLJge3b5KaWdtIYtMMusMakxhZcoNB8y8OqyIYbhzMRkSuSPqW;50;$2a$10$vwAjvgMaQOAlSEnYuaQesOdWBxr4WRq.l.x.sv2io60c163z51nei;2008;3;HM,SWT;;4;6;6;7;4;6;4;4;4;6;6;4;4;4;4;7;4;6;6;6;3;4;5;
1584629;Senol;Hake;a;$2a$10$4XNjjq4fEm9e95E9taoKHu1q9J0CP/KsJ0IvO2syr82vj/V078sBS;43;$2a$10$y0.CQr6yD6gUYU6vRjfvlOc2Dg7kQE6GUhPMYmwQ5.K2b8LTysyQa;2008;7;Algo,HM,SWT;;3;3;4;7;3;5;4;5;3;6;6;4;3;6;3;3;4;4;3;5;3;3;3;
1588933;Pavle;Wittich;a;$2a$10$kW2fgqTdQmuYlhQCPygKJe6XLLHCbHmtIhHM/3wKj9FBbVO1oNInW;32;$2a$10$i7VRP/WBm7wkdEFVY1ovNutVEifNC6mG9AXlAWcSIwD5fAEbVGUfy;2008;3;Algo,HM,SWT;;3;3;4;4;3;4;3;3;3;7;3;3;4;5;3;7;4;4;3;3;7;7;6;
1591060;Marlott;Knopf;a;$2a$10$6Ou62sNtqcTJjUYby.YSEOzjSI8ZsKydr7aCRyTh2d0SI7ay2rPVO;42;$2a$10$GrDwQagoeZhWumMlFJl6Me7mPA2AeEZGPjWE5ZXlMJQcarBlwI/3a;2008;5;Algo,HM,SWT;;4;3;7;3;5;3;3;3;3;3;5;7;3;3;4;7;4;5;4;6;3;3;7;
1597350;Adelina;Spiegel;a;$2a$10$C9kQh7gOr4cwOQ3QKGGeW.OhiXnfZ4TanXnfDyCjyo8tOc0ffXSkq;26;$2a$10$s48kAVpIM3mYl5ksqdbBXOWh5dDxcEgTWwiYGTDSlGdhVUmVSDj5y;2008;3;Algo,HM,SWT;;4;6;6;4;4;6;3;5;4;3;5;5;4;4;4;3;4;7;5;6;3;6;5;
1598015;Puric;Mehlhorn;a;$2a$10$4KVh7z46apx1Zd2srlZq9.IuPuUPdJ4Uq0RxAiEykWwhi3OfEKTmC;10;$2a$10$hfQILxiQAY717kms3ecAIOm8A7Vx9tAdLUvKg9Ay4cyTPQ7AQkDh6;2008;3;LA,Algo,HM,SWT;;5;6;5;4;3;6;5;3;4;3;6;5;3;7;3;6;4;6;3;3;3;3;4;
1604870;Jvica;Haupt;a;$2a$10$6e8PUAtGFoW49imAIe50Eu0k.F5OzbtMqFWYoP.XLj/6S3UFXHOp2;46;$2a$10$TbI6OgPJGueaFmAj5jSGmevRDFLiSVSrMjob.7hhZmrvvUuKNEgou;2008;3;LA,Algo,HM,SWT;;6;5;4;7;4;4;4;4;4;3;7;3;4;4;5;7;4;6;3;5;3;3;6;
1605186;Gür;Amann;a;$2a$10$htgu5vzp9L0YyJzsR/Vuh.VerEhBhX7Biz1gDQCrhw9wlHU4f5NAe;16;$2a$10$awm/GKoWUabekfNq9i51tOw3SnUp5VR4wzeIdeKEy1v4xwzYEktFK;2008;3;LA,Algo,HM,SWT;;6;4;6;7;3;7;5;4;6;3;6;4;3;7;3;7;4;6;4;6;3;3;4;
1612340;Jamil;Knabe;a;$2a$10$Xj9ggVRYJ8ptkX7oICKUSegrKiICTdiAtLNuU8kN/7M80Awkofa6e;29;$2a$10$ECXKcZ/qoZCrxXg9RPgEUu3tuRT17s/aCofYAL3VPwEYA/YkCkPSK;2008;3;LA,Algo,HM,SWT;;4;5;7;7;4;6;3;3;4;3;4;4;3;3;3;6;4;7;6;4;3;3;3;
1618947;Inac;Kreutzer;a;$2a$10$GSBcsspo.Tetbh1dQWkF.uK7Y/5DMwBcHxEi54YIFtSwzuhDPFNW2;11;$2a$10$0SOLCoBCIapOldll77CHBOq1vZvPeARHbz1jdIkpsepbLFLL0XGby;2008;3;LA,Algo,HM,SWT;;6;5;4;6;4;6;3;5;4;7;6;5;5;7;4;5;4;6;4;5;4;5;5;
1619466;Cafar;Kettler;a;$2a$10$hREy1bashuPt5i.H2TzSKuM1zq5VwYulSpxg3lL92cS40z6QyH5jS;51;$2a$10$ual7KaSPCqZEwq9sQ94F9Oa.yxDoHS6gzeNQFOn6hCQ9FI4a7UkVK;2008;3;LA,Algo,HM,SWT;;3;4;3;3;3;3;6;3;4;5;3;4;3;4;3;5;4;5;3;3;4;5;7;
1620788;Vishwadeep;Heinzelmann;a;$2a$10$UU51dQ61YeYjGE.6/.4EBe70mW2Np0.hv2AP9O0hOHd06wQ1aOtzO;;;2008;3;LA,Algo,HM,SWT;;6;6;5;4;5;5;4;5;5;6;3;4;5;4;4;4;4;5;4;5;5;4;7;
1623446;Panajiotis-Takis-Mario;Radtke;a;$2a$10$.rh9UjniPG.YcSRxgaDtLO6ZZ/eRjf2TKxwR/t9HTnHZA/U.DvYXS;;;2008;7;LA,Algo,HM,SWT;;5;4;3;7;3;6;6;4;6;5;7;3;3;5;3;3;4;5;5;3;3;5;6;
1627030;Beijen;Zenker;a;$2a$10$zr9WOtAMrIo/95FdEIlxFeA2DbP6n8JpqjqlfqY0LkZcgE60E0QGS;32;$2a$10$i7VRP/WBm7wkdEFVY1ovNutVEifNC6mG9AXlAWcSIwD5fAEbVGUfy;2008;3;LA,Algo,HM,SWT;;3;3;4;4;3;4;3;3;3;7;3;3;4;5;3;7;4;4;3;3;7;7;6;
1629876;Evi;Römer;a;$2a$10$pU2W3hx9ik87O2U.JXM78eBuwMXZSOg.jRSj6f8ffxHYcFPraQWBS;41;$2a$10$JPLybTXG1IUYXeawKUYe4unjaUKw3..qq2VpqSXZMXPbafpBGs/SW;2008;5;Algo,HM,SWT;;4;6;4;6;5;7;3;5;5;3;6;7;3;6;6;7;4;3;3;5;4;4;7;
1633637;Sabina;Kretz;a;$2a$10$be9Cs3lOn5wXVR4L2OJ9Aua5AI1leTx23yK5AfvJV4uOuIoQvXgAe;49;$2a$10$c6m7Ixhk.pd10etjsfxxhu.D.G1mx/BZHkAhwBYaK0WR0QIiDn4vC;2008;3;Algo,HM,SWT;;5;6;6;7;3;6;5;3;5;4;4;3;3;4;3;3;4;6;4;3;4;3;3;
1644076;Ankica;Gruber;a;$2a$10$nD4ckpdyqykLiI6jeNW9YOah5PJwvApBmUGJGnxFIpeg5iIgmcgmm;37;$2a$10$tfYM1yq1sfLfIqql4Pj68OjxFnf28xzI3/UTFTjed42IOcHdSBkGu;2008;3;LA,Algo,HM,SWT;;5;5;5;6;4;6;5;3;4;3;7;5;3;3;6;5;4;6;3;4;3;3;6;
1650725;Vincenzo;Winkel;a;$2a$10$ImKfemONwleGFNNg2AW19e0MyFJtLr3rsDD/FZUSHWYdffdTRi5SS;;;2008;5;LA,Algo,HM,SWT;;5;7;6;4;3;5;4;5;5;3;5;4;4;5;3;5;4;5;5;4;3;4;4;
1652209;Astrid-Marion;Küsters;a;$2a$10$XB7rANc0nxYlDmLi7T50Se31IqDz.ir/NsURu0cbwWEOaXDFIzyIG;;;2008;3;Algo,HM,SWT;;6;4;5;7;6;6;7;4;6;7;6;4;4;7;5;5;4;4;6;6;4;4;5;
1656592;Stergiani;Lanz;a;$2a$10$NzuxTujfAsNGFZgb/I9tTO61y0GrmxqBP1L2qJrox3T.zxpg4i496;1;$2a$10$v8spsiC.9gigJ8sRiRtHuOKNRduvTX/ad0cfvxw6p6sHsD3QbkVCC;2008;5;HM,SWT;;3;5;7;6;3;5;5;5;5;5;4;7;3;7;3;6;4;6;6;4;3;3;5;
1658158;Mihail;Warnke;a;$2a$10$GpL4DkSKFFk2vsQmN/r7oO4z8t.jMQqd5K7g.A2DRX8zhDMadCTGi;46;$2a$10$TbI6OgPJGueaFmAj5jSGmevRDFLiSVSrMjob.7hhZmrvvUuKNEgou;2008;3;LA,HM,SWT;;6;5;4;7;4;4;4;4;4;3;7;3;4;4;5;7;4;6;3;5;3;3;6;
1660505;Nurudin;Fellner;a;$2a$10$2IBktFlj0wdCVwesY/Ejm.l0B1gVgStzT2d/KVDeDGaDS24UIk0tq;50;$2a$10$vwAjvgMaQOAlSEnYuaQesOdWBxr4WRq.l.x.sv2io60c163z51nei;2008;3;LA,Algo,HM,SWT;;4;6;6;7;4;6;4;4;4;6;6;4;4;4;4;7;4;6;6;6;3;4;5;
1674713;Manzi;Bellmann;a;$2a$10$T5WF381BUQd004Ue9JvN5.IKSYVmrws6CJyrekcYL3JW3wQYpG7By;51;$2a$10$ual7KaSPCqZEwq9sQ94F9Oa.yxDoHS6gzeNQFOn6hCQ9FI4a7UkVK;2008;3;Algo,HM,SWT;;3;4;3;3;3;3;6;3;4;5;3;4;3;4;3;5;4;5;3;3;4;5;7;
1696887;Jana;Timmermann;a;$2a$10$QDo97fzLu3t8rFbxZAv/UOqk7aJ1RxQx57cZkQEf.6ppb.b5xm.J6;;;2008;5;LA,HM,SWT;;5;6;5;7;5;7;4;4;5;4;7;3;3;7;6;5;4;5;5;3;3;3;4;
1698410;Mabel;Braune;a;$2a$10$Pn6i3E.khfjK63/BEReBj.905sZ27lqUr0RkAC8w1sI/94nSpyGgy;;;2008;3;Algo,HM,SWT;;3;4;6;3;3;4;3;3;3;7;3;4;4;7;3;3;4;5;4;3;3;5;6;
1709968;Karoly;Holland;a;$2a$10$C6qLUqNUBfaQAuV1zRhru.QdoS6CZ4WeReUQ78kr/uExhc.B1Lqqy;23;$2a$10$W1HlhXiuzBEbcbRszaPBpub1r2hSDd.V720L2oDO9mTgW6lh/ZKrC;2008;3;LA,Algo,HM,SWT;;6;4;3;7;4;5;3;3;3;4;3;3;3;6;3;4;4;4;6;7;3;3;4;
1712834;Dannle;Keil;a;$2a$10$hLEYprHuO0Y9Is7i54BaBOs0GvogiUq1LScx52ScwmlB0pA6hBSfq;44;$2a$10$BBnfyXOTQ9JCKKfa6umheud5WU89kxmS4blGJdlNdHgLGbxdtJRQG;2008;3;LA,Algo,HM,SWT;;3;4;6;3;3;3;3;5;3;6;3;6;5;3;5;3;4;7;3;4;5;4;6;
1719914;Jürge;Möckel;a;$2a$10$7QpMfRvYbIA3jWUJc36k9OKYX5E1VCPYcrz6obQFPGnj1gLarCkHO;;;2008;3;Algo,HM,SWT;;5;6;5;7;3;5;3;5;3;6;7;5;5;7;4;7;4;4;5;4;3;3;5;
1724258;Sandra;Sachs;a;$2a$10$YHsfvWSGVvj.5M0zwwYEEeHM4B.m.qhHvP57H.B5Z3150jh4DumoW;8;$2a$10$eRwYhBmZ9FOsD/y49VZ7Ou4gh85rNiGlOSg1t6TWYjBqb/3HmUy2y;2008;3;Algo,HM,SWT;;5;7;5;6;5;3;4;4;4;6;3;5;3;4;7;7;4;6;6;7;3;3;6;
1730818;Lutz-Bernd;Brenner;a;$2a$10$reVsGkW1WKZTKydU72NZielquwdOFvluUevqhUtpj2nllTXZnfJea;26;$2a$10$s48kAVpIM3mYl5ksqdbBXOWh5dDxcEgTWwiYGTDSlGdhVUmVSDj5y;2008;3;Algo,HM,SWT;;4;6;6;4;4;6;3;5;4;3;5;5;4;4;4;3;4;7;5;6;3;6;5;
1740520;Hargobinderam;Rieger;a;$2a$10$XEcy9.IfKtPb0vcNcCgDS.oCRx6KvjWmK9Fc6Z68ILfsHGEoneQrS;;;2008;3;LA,Algo,HM,SWT;;4;4;5;6;4;5;4;4;4;5;5;4;4;5;4;7;4;5;5;4;4;5;7;
1750409;Nazif;Manthey;a;$2a$10$qXNySzcW5hkgfstC2xpny.mu3CyqU/JfIsc1eMbejjr.eQ.pikiW6;10;$2a$10$hfQILxiQAY717kms3ecAIOm8A7Vx9tAdLUvKg9Ay4cyTPQ7AQkDh6;2008;3;LA,Algo,HM,SWT;;5;6;5;4;3;6;5;3;4;3;6;5;3;7;3;6;4;6;3;3;3;3;4;
1752070;Volkmar;Walker;a;$2a$10$rbwflaQAzjwJwF0Y0G6jdOxhsNEd23IW9HuhrSaDexYHyMiqXsbCG;10;$2a$10$hfQILxiQAY717kms3ecAIOm8A7Vx9tAdLUvKg9Ay4cyTPQ7AQkDh6;2008;3;LA,Algo,HM,SWT;;5;6;5;4;3;6;5;3;4;3;6;5;3;7;3;6;4;6;3;3;3;3;4;
1766798;Damaris;Grau;a;$2a$10$DAxDYwscbi2z4PmzAhB3GOiLsbBesvOtlHCjOpqn5i3hyoQMYbhn.;38;$2a$10$stsgE4lngrRmlh218VYuZ.5dXIIOAVhASOmtucamX3eXpzt1jGfOW;2008;3;Algo,HM,SWT;;3;5;3;7;4;6;3;4;3;4;7;3;4;7;5;3;4;3;5;6;3;5;6;
1772277;Petito;Wachter;a;$2a$10$zVaNyPecjHCUuXBumxeHi.krt3ixpPg87tCKpNIrrlxB0zvw4EUee;2;$2a$10$VBw8nkD6w7x8mSu9mICsUOONcpip0Gvcm1K7SqjB5Lr//y3.O0iz2;2008;3;Algo,HM,SWT;;4;5;5;7;5;7;7;4;7;3;7;5;4;4;5;4;4;4;6;5;4;4;6;
1774052;Abid;Sigl;a;$2a$10$2S2xcwMjWXguEmOh.sv43O8BAVBwAyWCGxtty8OpgRGUwgjy0crMO;21;$2a$10$9X4oUug7PN5hKdJcNsUdcuglhg1vsDKrX/do1GJZYtF6Zx4ey7Nwq;2008;3;LA,Algo,HM,SWT;;3;4;4;5;3;6;6;3;3;7;5;3;3;6;3;6;4;4;3;3;3;3;5;
1775528;Monika;Seitz;a;$2a$10$r5YurQ8QmhRW3EYZgnwTNOt/3HrIGz.YDDWhOa7KxLKKJcPgIqo.W;;;2008;3;LA,Algo,HM,SWT;;5;4;4;7;3;3;5;4;5;3;6;4;3;5;3;4;4;5;4;4;3;3;4;
1834916;Fanny;Boll;a;$2a$10$QDfAYe0JrJZ.xwrDS5hfteD4Qo7vtwE2G4fLbKIlxTVj0T.Ub8vYC;;;2008;3;LA,Algo,HM,SWT;;4;7;7;3;5;4;3;5;5;3;4;5;6;7;5;4;4;6;4;6;5;6;5;
1844474;Gisele;Neher;a;$2a$10$DhPdpb2vO4Q3K2FRMU6GPelBzTkTBCUfv51WxJe.WLFimS9eT10RS;44;$2a$10$BBnfyXOTQ9JCKKfa6umheud5WU89kxmS4blGJdlNdHgLGbxdtJRQG;2008;3;LA,Algo,HM,SWT;;3;4;6;3;3;3;3;5;3;6;3;6;5;3;5;3;4;7;3;4;5;4;6;
1844568;Saveta;Benner;a;$2a$10$oidueZ1NKAn6CVAqdsLVFOAkZLHzw6GCsmWUWivosQ3IFY1EITLRC;45;$2a$10$YeqPyT57Bz7MMicNZtQiKOU9H4hKFcd4Jr2tvhfF3MFcRQYq395TW;2008;3;LA,Algo,HM,SWT;;3;6;6;5;3;5;3;6;3;4;4;7;3;6;3;4;4;6;3;6;6;7;7;
1855997;Helm;Laufer;a;$2a$10$SSGohFj/tpht5uK5mT7pAuqsJLmjKHyEBTr81igbdlch7Tuu3q4Jy;29;$2a$10$ECXKcZ/qoZCrxXg9RPgEUu3tuRT17s/aCofYAL3VPwEYA/YkCkPSK;2008;3;Algo,HM,SWT;;4;5;7;7;4;6;3;3;4;3;4;4;3;3;3;6;4;7;6;4;3;3;3;
1785069;Manzoorul-Haqu;Fuhr;a;$2a$10$TWpseknN4rca.iJKJnaRy.qMMfYMEG1B90a3rMbC52hUmQL0hAQ/i;13;$2a$10$uJN6KVykT/oB0pOd42TmpuNZtB7YA54NRNaLLI3ezmyGZgPtdH8VC;2008;3;Algo,HM,SWT;;3;7;6;5;5;5;3;4;5;6;3;4;3;4;4;7;4;3;4;6;4;4;3;
1787415;Fazaneh;Küpper;a;$2a$10$KSRfMJVKCT5baHTkjvfFe.hGrwkZgf6pE6I6TVz5Qwt7Fs37A07Ye;46;$2a$10$TbI6OgPJGueaFmAj5jSGmevRDFLiSVSrMjob.7hhZmrvvUuKNEgou;2008;3;LA,Algo,HM,SWT;;6;5;4;7;4;4;4;4;4;3;7;3;4;4;5;7;4;6;3;5;3;3;6;
1788634;Rebecca;Reineke;a;$2a$10$LW1tooJuLmaqjy3rEY96r.EAgSoxIFxFGGhdQAWRU9faeN7SGcv3K;39;$2a$10$mTibm/KlLc.9jOg4Soeq7.28ipeojpejc2r.rM3Qx7lN0VUqApOCG;2008;3;Algo,HM,SWT;;3;3;6;7;3;6;3;6;6;5;6;5;4;6;3;7;4;5;4;3;3;3;6;
1788742;Buyar;Seiler;a;$2a$10$OHh9W9YLSu311N99eOhOLOeIGkalAU7yd5ytuSSH9rqq4x3.3sFbm;48;$2a$10$qp/SWHmZ0iwNx8E/Xtw7/OENcFWqE2GX5vBi8GTN2vNQWZlKZzDAy;2008;5;LA,Algo,HM,SWT;;3;5;4;7;3;7;3;5;6;7;7;4;7;5;6;5;4;6;4;3;3;3;6;
1791564;Manoubia;Miller;a;$2a$10$EtoEpDUEhaeBQTK2P.uDq.v.TM6sKf86w1qvDLVfozmat28xyG.oW;;;2008;6;HM,SWT;;4;6;4;5;5;5;4;4;5;6;5;4;3;7;4;6;4;5;4;4;3;3;6;
1793391;Soudabeh;Ehrenberg;a;$2a$10$z0f8jd0R4EnhJgl16O57tOgIA0tQD6BFrmCnJ01YDI4xsPY4J/roa;24;$2a$10$pmEpxbQ3x2M.dQYPCTwuaOzvbtqc7cnIRy.BkqV54cW/qiXBMS4mG;2008;3;LA,Algo,HM,SWT;;5;5;3;4;5;6;4;5;6;4;5;3;3;6;5;6;4;7;5;7;3;4;6;
1799651;Konstantine;Benz;a;$2a$10$paHgkshOX518FNcA5kof3eR/x2UBpcdmcyEk6IMVXK98UU5Z1BAmW;36;$2a$10$pAjPTDSHUFL1gujkBn7lHuMgz/ay/iBTca5/70oulQbafb7LTDCSa;2008;3;LA,Algo,HM,SWT;;3;3;6;7;3;5;4;4;4;3;5;4;3;6;3;6;4;5;5;3;3;3;6;
1805345;Greta;Knobloch;a;$2a$10$SNW7WeE7WIvNvT3vzYZ24OhRjSFIr.eVK/hE2QTLX45kaKINVx26i;44;$2a$10$BBnfyXOTQ9JCKKfa6umheud5WU89kxmS4blGJdlNdHgLGbxdtJRQG;2008;3;LA,Algo,HM,SWT;;3;4;6;3;3;3;3;5;3;6;3;6;5;3;5;3;4;7;3;4;5;4;6;
1806396;Gabriele-Maria;Schmidt;a;$2a$10$tux6fuMM5O9N5y8Tfp5mselvaaufHQP2m71NoudYCdNEaLv35ysfS;;;2008;5;LA,Algo,HM,SWT;;5;5;5;4;4;5;4;4;6;3;5;5;3;5;5;5;4;5;6;6;3;3;6;
1807606;Borka;Schlichting;a;$2a$10$D0npkI5QSEt/xrny5vW1eOA1mMEUofPvxypU0l9rayB2jPzdpKcGO;;;2008;7;HM,SWT;;6;6;4;7;3;5;4;6;4;5;6;5;4;6;4;6;4;5;5;5;5;4;3;
1808333;Manutscher;Klumpp;a;$2a$10$nyeym0LHvEbcPPGmhJRfheZSsBYLbPKAhbviSbdfD42u/04ecXiWO;29;$2a$10$ECXKcZ/qoZCrxXg9RPgEUu3tuRT17s/aCofYAL3VPwEYA/YkCkPSK;2008;3;LA,Algo,HM,SWT;;4;5;7;7;4;6;3;3;4;3;4;4;3;3;3;6;4;7;6;4;3;3;3;
1809601;Vesela;Thiede;a;$2a$10$NhSahlmw1ruPXyCro9fu.O1UgaVtr8Y2mx908AVQbmBGlbAE6X5NS;17;$2a$10$lDLFarWipk/PlmYiNwl6X.T13ntlvATE9OlGQjxVT.UtQzn8sayJC;2008;5;HM,SWT;;4;5;3;6;4;7;5;5;5;4;5;3;7;5;4;4;4;3;3;3;6;5;4;
1819313;Peker;Wiemer;a;$2a$10$7GrOJVIExvwDfp3vr1BRCO6d/zKBjSB9oe6mRYFsnzOquLNWTwnA2;45;$2a$10$YeqPyT57Bz7MMicNZtQiKOU9H4hKFcd4Jr2tvhfF3MFcRQYq395TW;2008;7;HM,SWT;;3;6;6;5;3;5;3;6;3;4;4;7;3;6;3;4;4;6;3;6;6;7;7;
1825007;Dejan;Baumgartner;a;$2a$10$C7mer.RqU3ouZj0x5/eKHu8e66djYtyPHDc1dJX44jJr9A7lXMwoa;29;$2a$10$ECXKcZ/qoZCrxXg9RPgEUu3tuRT17s/aCofYAL3VPwEYA/YkCkPSK;2008;3;HM,SWT;;4;5;7;7;4;6;3;3;4;3;4;4;3;3;3;6;4;7;6;4;3;3;3;
1826004;Atila;Metz;a;$2a$10$tYNA4GRPyo8st9Tb/aFl8enq9SrJTJcHIhhPSzZDMv4.Hcn3LoOvq;3;$2a$10$sqduozRkszM8tMUUaTC6W.9EIWYp/MBNqFrQBQeTz45T.j3AZldVS;2008;5;LA,Algo,HM,SWT;;3;3;5;3;3;4;3;3;3;3;5;5;7;3;4;3;4;5;3;4;6;7;7;
1826618;Paul-Heinz;Knittel;a;$2a$10$0eZAjCJfg4yJf2OfQIcm7OXYkJYQ3px3M3jteTmJDMI3M5SdsN5i6;;;2008;4;LA,Algo,HM,SWT;;3;6;6;6;7;6;6;5;5;3;7;3;3;5;6;7;4;6;5;4;3;3;4;
1861490;Selam;Kleinert;a;$2a$10$C7YPBJOBdJ/lrKLu8Wzt4u0DAW7NNg3OoyQedJdlFpJKw/nB63xJi;32;$2a$10$i7VRP/WBm7wkdEFVY1ovNutVEifNC6mG9AXlAWcSIwD5fAEbVGUfy;2008;3;Algo,HM,SWT;;3;3;4;4;3;4;3;3;3;7;3;3;4;5;3;7;4;4;3;3;7;7;6;
1864682;Leiwes;Bülow;a;$2a$10$oC7BUwOfnaaH3dDFVoVzw.RXyT/P.PS7GwEqHTWonJqAJMw8dnXt.;25;$2a$10$5coRegyCFR/GTrZszTf7/eCNuqU/0t.5okVvSVA/8/VbBAQDuWaMO;2008;3;LA,Algo,HM,SWT;;5;5;7;7;3;6;4;5;4;4;6;6;3;6;4;6;4;7;5;5;3;3;3;
1869874;Jakup;Kerber;a;$2a$10$4ZmTOD9o7cfsxWdV/X0Kl.4LYwBayx6AiBitEfSjTNDZxJDJ8sJ5S;5;$2a$10$x7ErNxpubnmSdr4z1IVMKOiSUWPFrlL1UkYgqxGsjiigd2X3hoNVS;2008;3;LA,Algo,HM,SWT;;4;6;6;4;4;5;4;4;4;3;5;5;4;4;4;3;4;6;3;6;3;3;3;
1879521;Jelenka;Deckert;a;$2a$10$Xw9A9QXmoZA2tvN/j0go0.B4UqSt2PzXKB7/bvTIBNns7/AocAEVO;30;$2a$10$SlEt5p1v7/c2dqiSQwXzWOz5iLWW6HGRSX/Rv3yEJ0mJMTXvxzAd2;2008;3;Algo,HM,SWT;;4;5;3;7;4;7;3;6;5;4;7;4;5;7;7;6;4;7;6;3;4;5;7;
1889289;Asisa;Moldenhauer;a;$2a$10$rQogMhRkUv3Vi1nQ7vXApethkdVF80vMzhA.oPp3g8307crW3OVwW;35;$2a$10$JJLUQGINf5XJc1t95E9X9.GfR2JwFCS7sLTuyIo0/2uUqJMKR0x12;2008;3;LA,Algo,HM,SWT;;5;5;5;7;5;6;3;5;3;5;5;5;3;5;5;6;4;6;6;5;3;3;6;
1893338;Krzystof;Gehrig;a;$2a$10$QFSTG6opldtmARKJaomgU.sfa5Gwf5AZa..XKbzGthK8HKfbsXKna;;;2008;5;LA,Algo,HM,SWT;;3;3;6;6;6;3;4;3;4;3;6;7;3;3;6;3;4;7;7;3;3;3;6;
1893940;Ehrenfried;Neumüller;a;$2a$10$Pc8aWZFlMBg1rFFHbyQaO.YG9N9zcMbn0OVCsF1H1AQvM0ZTmvdDW;47;$2a$10$Dr6D0PowIMj9KlnRQGvFCOC59kF.N/gCVB7WpuSoPImz/pA5hxH8q;2008;3;Algo,HM,SWT;;4;4;7;6;5;3;4;3;3;3;7;5;3;6;5;7;4;6;5;4;3;3;7;
1897625;Roslin;Zinke;a;$2a$10$J4Fx0oJ18TPJ/p7sI4T2u.tDl0e9ELGKNB3.ZF.5ksYZOxAk7OfKK;;;2008;5;LA,Algo,HM,SWT;;5;5;6;6;4;5;5;5;5;5;6;6;3;7;4;5;4;5;5;6;3;3;6;
1915750;Herold;Feldmeier;a;$2a$10$tBfr/sxW8oUomeILs2jZyew75p1/ruQwoHtTs12Zm1D5VBxvd9LG6;;;2008;7;Algo,HM,SWT;;4;3;3;7;4;4;3;3;5;3;6;5;3;3;5;3;4;6;6;3;3;3;5;
1915752;Jsljami;Schaffrath;a;$2a$10$ATQo330A3X3fX4AEM/ICVuaMYLwPL4NDFFrBFjbtH64b0GmOsx4fG;;;2008;5;HM,SWT;;3;4;4;7;3;7;4;5;4;3;5;3;4;5;7;5;4;5;3;4;4;4;6;
1923889;Bruce;Milz;a;$2a$10$zTU3pvnzwOmWWi6H98d6KuXxCWRQG8/wfaCiDoOeC0H5zBzik6jGW;18;$2a$10$FfGLYYVTE784SBqUqOPzKei8jpBsY8wvqB.L9vKaJ6GKBpAjimLzu;2008;3;LA,Algo,HM,SWT;;4;7;6;5;3;7;4;4;4;3;5;3;6;7;6;7;4;4;4;4;3;3;6;
1927810;Lacy;Wiese;a;$2a$10$22vlbnu6g6s9uqrQJeIrS.c5y/kINjCZzoaj8D2iX1ewsbkK6AUFm;11;$2a$10$0SOLCoBCIapOldll77CHBOq1vZvPeARHbz1jdIkpsepbLFLL0XGby;2008;3;Algo,HM,SWT;;6;5;4;6;4;6;3;5;4;7;6;5;5;7;4;5;4;6;4;5;4;5;5;
1937418;Halime;Brockmann;a;$2a$10$wzpCJwCs.g1ZN8m2uZ6iouszDkLzCKPNO146H.F/Ku36p7uritOu2;1;$2a$10$v8spsiC.9gigJ8sRiRtHuOKNRduvTX/ad0cfvxw6p6sHsD3QbkVCC;2008;5;LA,Algo,HM,SWT;;3;5;7;6;3;5;5;5;5;5;4;7;3;7;3;6;4;6;6;4;3;3;5;
1938300;Dirk;Stellmacher;a;$2a$10$wIVTXPINEYe4hpnN0sA7.uk7BjtBA4E4ozw/W82FlufrFRNYfwiYm;34;$2a$10$yDkwwcRE5qmR302S8rAN6OH3SzTV4PAcL8FOgXtJ9xHoWv0NXTq5C;2008;5;LA,Algo,HM,SWT;;4;7;5;6;3;3;6;4;5;5;4;5;3;6;6;7;4;6;5;3;3;3;6;
1943325;Hanns-Heinrich;Borrmann;a;$2a$10$EXga2SBw8n4AL3W.YikWhO8h3nKI7HDKhs8.zHGhDCK/ZqRFIye72;15;$2a$10$EK6pExkUZSRnzMODzZ7bH.CA6KPDYmRMv5Pn8PwF00b8tNN0fXbqe;2008;3;Algo,HM,SWT;;3;5;4;7;3;6;3;5;3;3;6;4;3;3;3;6;4;5;3;5;3;4;6;
1947185;Evgret;Zeiler;a;$2a$10$KAnqeyPJAPy2O69Cw/AmzOLZB8ezlu..NhCXC.I79YmU7i6XHzgUe;;;2008;5;HM,SWT;;5;4;4;7;3;6;4;4;3;7;6;4;3;6;4;5;4;4;4;4;5;5;4;
1947758;Virginia;Ewers;a;$2a$10$w7XBzFvayvyS31vGRAPKT.ZIF/rGw8rhZ0EztsdrD4qXnND90zgdW;;;2008;5;Algo,HM,SWT;;4;3;3;4;3;5;3;3;3;5;6;5;3;7;5;3;4;5;7;4;3;3;3;
1953388;Heide-Rose;Maus;a;$2a$10$ymb/2VMneftObUAnYiHEaezJGDrqP7utq27HRIoRXSkSwKmWwoLUi;;;2008;7;LA,Algo,HM,SWT;;4;5;3;7;3;5;4;3;6;5;3;3;3;4;3;5;4;4;3;3;3;3;6;
1955345;Etto;Kreis;a;$2a$10$XrBnyE3SLG8g5koLg7lyU.L/Iy3WxsphbIiHoqkr65wZDCEPDkHXK;2;$2a$10$VBw8nkD6w7x8mSu9mICsUOONcpip0Gvcm1K7SqjB5Lr//y3.O0iz2;2008;3;LA,Algo,HM,SWT;;4;5;5;7;5;7;7;4;7;3;7;5;4;4;5;4;4;4;6;5;4;4;6;
1959413;Cifka;Koll;a;$2a$10$xRG9Xw/0Brjk.VAh9pJTbeP1d12SkHf4OGnl6xJWcJrPYV0s0hvKq;11;$2a$10$0SOLCoBCIapOldll77CHBOq1vZvPeARHbz1jdIkpsepbLFLL0XGby;2008;3;LA,Algo,HM,SWT;;6;5;4;6;4;6;3;5;4;7;6;5;5;7;4;5;4;6;4;5;4;5;5;
1970293;Ivon;Wichmann;a;$2a$10$LUuSjElg5VYYn./2ydBk7OWsPWzJo9S.ftspsUlo1TuiX7/TWGYM6;;;2008;3;LA,Algo,HM,SWT;;4;5;6;7;4;5;3;3;4;3;5;5;3;5;4;7;4;5;4;5;3;4;3;
1979769;Roman;Ley;a;$2a$10$E2GKYzLSLPMa7a6w.G4c3u2M51xTRoCOYCWhK3jBadOXqkd7XO64q;12;$2a$10$hMLNnKt2UooLBV2WLZP97uizoftREzBjwftyUvvKerKg/z3mv767e;2008;3;LA,Algo,HM,SWT;;5;7;6;3;5;5;5;4;5;4;4;6;4;5;6;3;4;7;5;5;4;4;6;
1980797;Stipo;Maaßen;a;$2a$10$rKFQ39fsqcuc1xWuzXpaHewGcwlXavhyC27Mpg4XxanIROJr0tyui;;;2008;5;Algo,HM,SWT;;3;4;6;4;3;4;3;3;5;3;3;4;3;7;3;4;4;4;3;4;3;3;6;
1987434;Selale;Neugebauer;a;$2a$10$E5RvnSAzuYfxpykupCeBFOX/Naj6/EkVym.fFu8FyBOVOTETAkm7G;;;2008;3;HM,SWT;;4;6;6;6;3;5;3;4;3;7;6;5;4;7;3;6;4;6;4;6;4;4;4;
1993734;Kurtek;Lucas;a;$2a$10$cYwy5QicxTpa3VUzXtEs.eDBGY.rM/PXt56nsL.kxr3qU11ycyBky;4;$2a$10$2J3WIcEFpWmKyj/KunCrrOKdAAJz8arsC.dnLQm5ojez2IuijkpFS;2008;5;HM,SWT;;5;6;3;7;4;5;3;5;4;3;5;3;3;5;6;7;4;5;6;4;4;3;4;
1996438;Calut;Winkelmann;a;$2a$10$FP3HqdeXbHilnLCgPDSI6uxriEnjvRFYo4xhSpuRh74/f3diFacDu;43;$2a$10$y0.CQr6yD6gUYU6vRjfvlOc2Dg7kQE6GUhPMYmwQ5.K2b8LTysyQa;2008;7;HM,SWT;;3;3;4;7;3;5;4;5;3;6;6;4;3;6;3;3;4;4;3;5;3;3;3;
1997470;Kosan;Ullmann;a;$2a$10$FX5jmlIvVkx6ualmq6V0j.7R8m5rQ/kj.eyxT4dTAPMXGfTkBIaNe;;;2008;3;HM,SWT;;5;7;7;3;6;4;6;5;6;5;6;5;5;6;5;4;4;6;4;4;6;6;7;
