Matrikelnummer;Name;Lerngruppe;SPO;Fachsemester;"hat HM";"hat LA";"hat SWT";"hat Algo";"Thema 1";"Thema 2";"Thema 3";"Thema 4";"Thema 5";"Thema 6";"Thema 7";"Thema 8";"Thema 9";"Thema 10";"Thema 11";"Thema 12";"Thema 13";"Thema 14";"Thema 15";"Thema 16";"Thema 17";"Thema 18";"Thema 19";"Thema 20";"Thema 21";"Thema 22";"Thema 23"
903151;"Franzi Riemann";8;2008;3;True;True;True;True;2;3;2;0;1;1;1;3;0;2;0;1;4;4;3;3;4;0;0;3;4;2
907829;"Resa Diedrich";9;2008;3;;True;True;True;2;1;1;2;2;1;3;2;2;1;2;2;1;4;3;4;1;1;0;1;1;2
911578;"Tatyana Grunwald";40;2008;3;True;True;True;True;1;3;0;2;2;0;3;0;1;2;0;0;1;4;1;2;0;0;0;0;0;0
923391;"Hasretmakbule Ruck";42;2008;5;True;;True;True;4;0;2;0;0;0;0;0;2;4;0;0;1;4;2;1;3;0;0;4;0;1
926676;"Sinek Röhl";31;2008;5;;;True;True;2;2;0;4;4;2;4;2;4;0;0;4;0;3;4;0;3;0;0;2;2;1
927135;"Mübeccel Puls";36;2008;3;True;True;True;True;3;4;0;2;1;1;1;0;2;1;0;3;0;3;2;2;0;0;0;3;0;0
927867;"Rexhaj Dahl";21;2008;3;True;True;True;True;1;2;0;3;3;0;0;4;2;0;0;3;0;3;1;0;0;0;0;2;1;0
930707;"Adjevi Reusch";28;2008;3;True;True;True;True;1;3;1;2;1;1;2;4;2;1;0;4;1;1;2;0;2;0;0;0;1;1
945068;"Muhiba Knüppel";4;2008;5;;True;True;True;0;4;1;2;0;2;1;0;2;0;0;2;3;4;2;3;1;1;0;1;3;2
949579;"Ewald-Hans Wachter";36;2008;3;True;True;True;True;3;4;0;2;1;1;1;0;2;1;0;3;0;3;2;2;0;0;0;3;0;0
950313;"Milijana Wolter";;2008;5;True;;True;True;0;3;1;0;1;0;3;4;1;0;2;3;0;0;2;3;0;0;2;0;2;2
967540;"Maria-Helene Pfeil";23;2008;3;;True;True;True;0;4;1;2;0;0;0;1;0;0;0;3;0;1;1;3;4;0;0;1;1;3
968102;"Theresia Rentsch";40;2008;3;True;True;True;True;1;3;0;2;2;0;3;0;1;2;0;0;1;4;1;2;0;0;0;0;0;0
980210;"Nellya Kast";33;2008;3;True;True;True;True;1;4;0;4;0;2;2;0;4;3;0;4;3;4;4;3;1;0;0;1;2;3
983692;"Süleymann Mehner";3;2008;5;;;True;True;2;0;0;1;0;0;0;0;2;2;4;0;1;0;2;0;1;3;4;4;0;0
988022;"Sunsa Geißler";10;2008;4;True;;True;True;2;1;0;3;2;0;1;0;3;2;0;4;0;3;3;0;0;0;0;1;3;2
991914;"Belagia Reinert";;2008;3;True;;True;True;3;1;0;2;0;2;1;0;3;2;4;2;1;2;1;3;2;4;4;1;0;3
992573;"Görr Claußen";;2008;5;;;True;True;0;3;1;2;0;1;0;0;2;0;0;1;1;0;1;0;1;0;1;0;4;0
994188;"Filis Heckel";;2008;7;True;True;True;True;3;1;1;0;2;2;4;3;0;1;2;3;1;0;3;3;0;2;3;1;2;2
1003391;"Xuemei Möckel";12;2008;3;True;True;True;True;3;0;2;2;2;1;2;1;1;3;1;2;3;0;4;2;2;1;1;3;4;2
1009386;"Zinka Schramm";;2008;5;True;;True;;1;4;0;3;0;3;0;2;0;1;0;2;0;4;3;3;4;0;0;3;0;0
1018651;"Ehrenfried Rein";45;2008;7;True;;True;;3;2;0;2;0;3;0;1;1;4;0;3;0;1;3;0;3;3;4;4;3;0
1019087;"Irme Melchior";;2008;5;True;True;True;;3;1;1;2;1;3;2;0;2;3;2;2;0;3;3;2;4;2;0;2;1;2
1024025;"Rossitza Polzin";27;2008;3;True;True;True;True;2;0;0;1;1;2;2;0;2;2;4;0;1;3;1;1;4;1;2;3;0;1
1028343;"Erika-Maria Ring";49;2008;5;True;;True;True;3;4;0;3;2;0;2;1;1;0;0;1;0;0;3;1;0;1;0;0;3;2
1043511;"Marcello Baumer";;2008;5;True;True;True;True;2;4;1;2;3;2;3;0;3;1;2;1;1;3;3;3;3;1;1;1;2;2
1056056;"Mandrina Böse";2;2008;3;;True;True;True;2;4;2;4;4;1;4;0;4;2;1;1;2;1;1;3;2;1;1;3;2;1
1057908;"Tonja Buss";6;2008;5;True;;True;True;4;2;1;2;3;1;1;0;2;2;0;4;1;1;4;1;2;0;0;1;4;1
1061731;"Sigl Wagenknecht";39;2008;3;True;;True;True;3;4;0;3;0;3;3;2;3;2;1;3;0;4;2;1;0;0;0;3;0;0
1068739;"Vica Grützner";27;2008;3;;True;True;True;2;0;0;1;1;2;2;0;2;2;4;0;1;3;1;1;4;1;2;3;0;1
1070429;"Hukyiar Brucker";50;2008;3;;True;True;True;3;4;1;3;1;1;1;3;3;1;1;1;1;4;3;3;3;0;1;2;3;1
1076959;"Hein-Eike Rücker";17;2008;5;;;True;;0;3;1;4;2;2;2;1;2;0;4;2;1;1;0;0;0;3;2;1;2;1
1080592;"Gheorghe Bräuer";23;2008;3;True;True;True;True;0;4;1;2;0;0;0;1;0;0;0;3;0;1;1;3;4;0;0;1;1;3
1092834;"Waselko Drechsel";36;2008;3;True;True;True;True;3;4;0;2;1;1;1;0;2;1;0;3;0;3;2;2;0;0;0;3;0;0
1096801;"Azza Haake";;2008;5;True;;True;True;4;3;2;0;1;2;1;1;0;3;0;2;2;3;4;2;2;0;0;1;3;1
1110745;"Mican Gramlich";17;2008;5;;;True;;0;3;1;4;2;2;2;1;2;0;4;2;1;1;0;0;0;3;2;1;2;1
1112828;"Kerasia Lüth";17;2008;5;;True;True;True;0;3;1;4;2;2;2;1;2;0;4;2;1;1;0;0;0;3;2;1;2;1
1114187;"Bloch Fetzer";44;2008;3;True;True;True;True;3;0;0;0;0;2;0;3;0;3;2;0;2;0;4;0;1;2;1;3;1;0
1114295;"Madfa Diener";;2008;5;;;True;True;1;4;1;1;3;2;2;0;3;3;0;4;1;2;2;4;4;0;0;2;2;1
1115979;"Maki Jünger";19;2008;5;True;;True;True;1;4;0;4;0;3;1;0;0;2;3;2;2;4;3;3;2;3;4;4;2;2
1117898;"Simone Mauch";;2008;5;True;True;True;True;4;0;2;1;0;0;1;0;0;4;0;0;0;1;3;0;3;2;2;3;0;0
1123154;"Pennos Herdt";39;2008;3;True;True;True;True;3;4;0;3;0;3;3;2;3;2;1;3;0;4;2;1;0;0;0;3;0;0
1124453;"Wasilios Dreher";;2008;7;True;True;True;;0;2;0;1;1;1;1;4;1;0;1;1;1;4;2;1;0;2;1;2;1;3
1136871;"Ponniah Scheler";43;2008;7;True;;True;True;1;4;0;2;1;2;0;3;3;1;0;3;0;0;1;0;2;0;0;0;0;0
1137884;"Miladinka Goldmann";20;2008;7;True;True;True;True;2;4;3;1;0;1;0;0;4;2;0;0;4;0;3;2;2;0;0;2;2;4
1138311;"Klaus-Knut Pohlmann";16;2008;3;;True;True;True;3;4;0;4;2;1;3;0;3;1;0;4;0;4;3;1;3;0;0;1;1;3
1150260;"Inanmis Wenzl";22;2008;3;True;True;True;True;4;1;0;3;0;1;1;1;0;3;1;2;0;3;4;2;3;0;0;2;4;0
1155102;"Gérard Wollmann";37;2008;3;True;True;True;True;2;3;1;3;2;0;1;0;4;2;0;0;3;2;3;0;1;0;0;3;2;2
1162895;"Pejdo Majewski";52;2008;3;True;True;True;True;3;1;1;1;0;1;1;2;0;3;1;4;1;3;2;1;2;1;1;4;2;0
1180321;"Aydin Kluge";37;2008;3;True;True;True;True;2;3;1;3;2;0;1;0;4;2;0;0;3;2;3;0;1;0;0;3;2;2
1190408;"Bajrami Baumert";28;2008;5;True;;True;True;1;3;1;2;1;1;2;4;2;1;0;4;1;1;2;0;2;0;0;0;1;1
1192054;"Filipcic Guth";33;2008;3;True;True;True;True;1;4;0;4;0;2;2;0;4;3;0;4;3;4;4;3;1;0;0;1;2;3
1204065;"Rosmari Seemann";7;2008;3;True;True;True;True;3;4;1;4;0;0;1;4;0;3;0;0;0;2;2;0;1;2;2;1;4;3
1204499;"Sedzida Brack";15;2008;3;True;;True;True;1;4;0;3;0;2;0;0;3;1;0;0;0;3;2;0;2;0;1;3;2;0
1208000;"Maskut Weinreich";34;2008;5;True;True;True;True;2;3;0;0;3;1;2;2;1;2;0;3;3;4;3;2;0;0;0;3;4;1
1211387;"Siaullah Schünemann";;2008;3;;True;True;True;2;4;0;1;1;1;0;0;2;0;0;0;0;1;4;3;0;0;0;0;2;2
1216645;"Önder Bergmann";;2008;3;True;;True;True;2;2;0;2;1;2;3;1;2;2;2;1;0;0;3;2;3;4;3;3;4;2
1220369;"Margit Große";15;2008;3;;True;True;True;1;4;0;3;0;2;0;0;3;1;0;0;0;3;2;0;2;0;1;3;2;0
1222998;"Heinz-Peter Thom";30;2008;3;True;;True;True;0;4;1;4;0;3;2;1;4;1;2;4;4;3;4;3;0;1;2;4;2;1
1227725;"William Salomon";;2008;3;True;;True;True;2;3;0;1;1;3;4;3;3;2;1;1;0;1;1;1;4;0;0;4;2;3
1235953;"Pitrella Selle";39;2008;3;True;;True;True;3;4;0;3;0;3;3;2;3;2;1;3;0;4;2;1;0;0;0;3;0;0
1236056;"Peglis Kolbeck";23;2008;3;True;True;True;True;0;4;1;2;0;0;0;1;0;0;0;3;0;1;1;3;4;0;0;1;1;3
1237835;"Mojmir Storz";;2008;5;;True;True;;2;4;1;1;3;1;1;1;3;1;1;3;2;1;2;3;2;0;0;2;1;2
1238079;"Melahat Meurer";34;2008;5;True;;True;True;2;3;0;0;3;1;2;2;1;2;0;3;3;4;3;2;0;0;0;3;4;1
1238364;"Fabuizio Sedlmeier";;2008;5;True;;True;;4;0;0;0;2;2;2;4;2;0;2;2;2;0;1;2;2;2;2;1;3;4
1239682;"Fadileh Rückert";;2008;5;True;True;True;True;3;0;3;0;0;2;0;2;1;2;3;3;3;2;1;2;2;2;2;2;4;1
1240791;"Lilija Gröne";;2008;7;True;;;;1;4;2;3;1;2;1;0;2;2;2;0;3;0;2;2;2;0;0;3;3;2
1244009;"Kuraja Rieger";45;2008;3;True;True;True;True;3;2;0;2;0;3;0;1;1;4;0;3;0;1;3;0;3;3;4;4;3;0
1244843;"Anis Pesch";27;2008;3;True;True;True;True;2;0;0;1;1;2;2;0;2;2;4;0;1;3;1;1;4;1;2;3;0;1
1245029;"Nasim Brugger";51;2008;3;;True;True;True;0;0;0;0;3;0;1;2;0;1;0;1;0;2;2;0;0;1;2;4;1;0
1247503;"Safak Limbach";46;2008;3;True;True;True;True;1;4;1;1;1;1;1;0;4;0;1;1;2;4;3;0;2;0;0;3;2;3
1247547;"Haider Veith";48;2008;5;;;True;True;1;4;0;4;0;2;3;4;4;1;4;2;3;2;3;1;0;0;0;3;2;0
1252790;"Delia Scheurer";21;2008;3;True;True;True;True;1;2;0;3;3;0;0;4;2;0;0;3;0;3;1;0;0;0;0;2;1;0
1258439;"Moradi Cremer";46;2008;3;True;True;True;;1;4;1;1;1;1;1;0;4;0;1;1;2;4;3;0;2;0;0;3;2;3
1261403;"Maximiliane Bachmeier";37;2008;3;True;True;True;True;2;3;1;3;2;0;1;0;4;2;0;0;3;2;3;0;1;0;0;3;2;2
1264488;"Soraya Neufeld";20;2008;7;True;;True;True;2;4;3;1;0;1;0;0;4;2;0;0;4;0;3;2;2;0;0;2;2;4
1278115;"Salvador Schell";14;2008;3;True;True;True;True;0;4;2;4;3;1;1;3;4;0;0;1;2;4;0;2;2;0;1;0;0;2
1278649;"Barjam Lemke";;2008;6;True;True;True;True;1;2;1;3;0;3;0;0;2;0;0;0;2;4;2;0;0;0;0;1;0;3
1288515;"Fenna Stark";;2008;3;;;True;True;4;0;1;1;3;4;2;2;2;3;4;0;1;1;3;1;3;1;2;2;3;3
1288970;"Sche Hanisch";;2008;5;True;True;True;True;2;0;1;1;3;0;1;1;0;2;0;1;1;4;3;3;3;0;0;1;1;1
1292380;"Jürgen-Dieter Tröger";36;2008;3;;True;True;True;3;4;0;2;1;1;1;0;2;1;0;3;0;3;2;2;0;0;0;3;0;0
1292450;"Lollia Sohn";17;2008;5;True;True;True;True;0;3;1;4;2;2;2;1;2;0;4;2;1;1;0;0;0;3;2;1;2;1
1292726;"Annemari Denk";51;2008;3;;True;True;True;0;0;0;0;3;0;1;2;0;1;0;1;0;2;2;0;0;1;2;4;1;0
1293673;"Karolus Langhans";5;2008;3;True;True;True;True;3;1;1;2;1;1;1;0;2;2;1;1;1;0;3;0;3;0;0;0;3;1
1295143;"Daniza Mehl";13;2008;3;True;True;True;True;3;2;2;2;0;1;2;3;0;1;0;1;1;4;0;1;3;1;1;0;4;0
1296011;"Olferino Palm";48;2008;5;;True;True;True;1;4;0;4;0;2;3;4;4;1;4;2;3;2;3;1;0;0;0;3;2;0
1305788;"Gülsüm Wiedmann";27;2008;5;;;True;True;2;0;0;1;1;2;2;0;2;2;4;0;1;3;1;1;4;1;2;3;0;1
1306149;"Dilber Altmann";25;2008;3;True;;True;True;4;4;0;3;1;2;1;1;3;3;0;3;1;3;4;2;2;0;0;0;2;2
1307101;"Ulf-Karsten Pätzold";38;2008;3;;True;True;;0;4;1;3;0;1;0;1;4;0;1;4;2;0;0;2;3;0;2;3;2;0
1310605;"Harra Ehret";10;2008;3;True;True;True;True;2;1;0;3;2;0;1;0;3;2;0;4;0;3;3;0;0;0;0;1;3;2
1320743;"Amporn Rank";;2008;3;True;;True;True;4;3;0;1;0;0;0;2;4;0;0;4;0;2;4;4;0;0;1;0;1;0
1323482;"Art Radke";19;2008;5;True;;True;True;1;4;0;4;0;3;1;0;0;2;3;2;2;4;3;3;2;3;4;4;2;2
1327562;"Keld Kahlert";;2008;3;;True;True;True;3;1;0;0;0;0;1;1;0;1;1;1;0;0;4;0;1;2;0;1;1;0
1333120;"Ingeburg Baumgärtel";31;2008;5;;True;True;True;2;2;0;4;4;2;4;2;4;0;0;4;0;3;4;0;3;0;0;2;2;1
1336575;"Ates Gerhard";18;2008;3;True;;True;;3;2;0;4;1;1;1;0;2;0;3;4;3;4;1;1;1;0;0;3;4;1
1340845;"Altintas Matthies";;2008;3;;True;True;True;2;4;0;2;0;2;0;4;2;1;2;0;0;2;2;1;1;1;0;0;2;1
1341061;"Mandita Schwenk";41;2008;5;True;True;True;True;1;3;2;4;0;2;2;0;3;4;0;3;3;4;0;0;2;1;1;4;3;1
1358287;"Khorram Vogel";5;2008;3;True;True;True;True;3;1;1;2;1;1;1;0;2;2;1;1;1;0;3;0;3;0;0;0;3;1
1363294;"Panagiotis Keppler";9;2008;3;;True;True;True;2;1;1;2;2;1;3;2;2;1;2;2;1;4;3;4;1;1;0;1;1;2
1369457;"Gavin Stellmacher";;2008;3;True;;True;;3;4;0;3;0;0;1;2;0;2;2;4;0;4;2;3;2;0;0;0;2;2
1371212;"Toska Rosenbaum";14;2008;3;;True;True;True;0;4;2;4;3;1;1;3;4;0;0;1;2;4;0;2;2;0;1;0;0;2
1378335;"Mesinovic Götze";24;2008;3;True;;True;True;0;1;2;3;1;2;3;1;2;0;0;3;2;3;4;2;4;0;1;3;2;2
1379355;"Dordo Ludewig";;2008;3;True;True;True;True;0;2;1;1;0;0;1;0;1;0;0;4;1;1;0;1;1;0;0;0;0;1
1384172;"Yuness Thom";23;2008;3;True;;True;True;0;4;1;2;0;0;0;1;0;0;0;3;0;1;1;3;4;0;0;1;1;3
1387552;"Marie-Paule Bräuer";;2008;7;;;True;;4;2;1;0;0;2;1;0;2;3;1;4;1;0;4;1;3;0;1;2;2;4
1390303;"Feuvranija Meinhardt";28;2008;5;True;True;True;True;1;3;1;2;1;1;2;4;2;1;0;4;1;1;2;0;2;0;0;0;1;1
1392000;"Mersiye Danner";;2008;3;True;True;True;;1;1;0;3;2;1;1;1;0;0;1;0;0;1;1;0;0;0;0;0;4;0
1395521;"Yesilkaya Förtsch";25;2008;3;True;;True;True;4;4;0;3;1;2;1;1;3;3;0;3;1;3;4;2;2;0;0;0;2;2
1411679;"Sina Stolte";37;2008;3;True;True;True;;2;3;1;3;2;0;1;0;4;2;0;0;3;2;3;0;1;0;0;3;2;2
1413054;"Jeanine Schnieders";29;2008;3;True;;True;;4;4;1;3;0;0;1;0;1;1;0;0;0;3;4;3;1;0;0;0;2;1
1415828;"Rodoslav Polster";47;2008;3;True;;True;True;4;3;2;0;1;0;0;0;4;2;0;3;2;4;3;2;1;0;0;4;1;1
1416815;"Fatin Klug";23;2008;5;True;True;True;True;0;4;1;2;0;0;0;1;0;0;0;3;0;1;1;3;4;0;0;1;1;3
1422557;"Amanuel Oehme";25;2008;3;True;True;True;True;4;4;0;3;1;2;1;1;3;3;0;3;1;3;4;2;2;0;0;0;2;2
1422801;"Fredl Schwartz";;2008;3;True;;True;;0;1;3;1;0;0;1;2;0;1;0;0;3;4;1;1;1;0;0;3;3;0
1429752;"Ademaj Göhring";35;2008;5;True;;True;True;2;4;2;3;0;2;0;2;2;2;0;2;2;3;3;3;2;0;0;3;2;2
1432745;"Inci Fehrenbach";;2008;7;True;;True;;3;3;1;1;1;3;2;0;0;1;0;4;1;3;3;0;3;0;0;2;2;2
1433689;"Ismael Fritsche";6;2008;5;True;True;True;True;4;2;1;2;3;1;1;0;2;2;0;4;1;1;4;1;2;0;0;1;4;1
1450017;"Cort Hoch";;2008;7;;True;True;True;4;2;1;3;0;0;1;3;4;2;3;0;2;4;0;3;0;4;4;1;3;3
1452292;"Ashley Gräber";27;2008;3;True;True;True;True;2;0;0;1;1;2;2;0;2;2;4;0;1;3;1;1;4;1;2;3;0;1
1454446;"Karabas Ertel";45;2008;3;True;;True;;3;2;0;2;0;3;0;1;1;4;0;3;0;1;3;0;3;3;4;4;3;0
1458943;"Heijo Stapf";52;2008;3;True;True;True;True;3;1;1;1;0;1;1;2;0;3;1;4;1;3;2;1;2;1;1;4;2;0
1462989;"Paulin Bausch";37;2008;3;True;True;True;True;2;3;1;3;2;0;1;0;4;2;0;0;3;2;3;0;1;0;0;3;2;2
1463131;"Palic Mende";49;2008;5;;;True;;3;4;0;3;2;0;2;1;1;0;0;1;0;0;3;1;0;1;0;0;3;2
1464387;"Jean-Marie Deininger";40;2008;3;True;True;True;True;1;3;0;2;2;0;3;0;1;2;0;0;1;4;1;2;0;0;0;0;0;0
1469651;"Sebaat Lücke";24;2008;3;True;True;True;True;0;1;2;3;1;2;3;1;2;0;0;3;2;3;4;2;4;0;1;3;2;2
1470725;"Rago Laufer";;2008;9;;;True;;2;4;2;3;2;2;3;0;3;0;2;4;2;1;3;2;1;2;2;1;4;2
1480999;"Loan Köpke";;2008;5;True;True;True;;2;2;0;1;0;2;0;0;0;2;0;4;2;2;1;0;2;0;0;0;1;1
1493177;"Mirjana Brosch";47;2008;3;True;True;True;True;4;3;2;0;1;0;0;0;4;2;0;3;2;4;3;2;1;0;0;4;1;1
1495005;"Kirsa Noe";21;2008;3;;True;True;True;1;2;0;3;3;0;0;4;2;0;0;3;0;3;1;0;0;0;0;2;1;0
1498916;"Yoshiyuki Kötter";;2008;3;True;True;True;True;1;4;0;1;2;2;0;0;2;0;2;0;1;0;3;2;0;0;0;0;3;1
1506197;"Imkea Sachs";26;2008;3;True;True;True;True;3;1;1;3;0;2;1;0;2;2;1;1;1;0;4;2;3;0;3;2;3;1
1507583;"Anadolu Kircher";20;2008;7;True;;True;True;2;4;3;1;0;1;0;0;4;2;0;0;4;0;3;2;2;0;0;2;2;4
1523702;"Eusebia Amend";36;2008;3;True;True;True;True;3;4;0;2;1;1;1;0;2;1;0;3;0;3;2;2;0;0;0;3;0;0
1529980;"Yorck Moldenhauer";32;2008;3;True;;True;True;1;1;0;1;0;0;0;4;0;0;1;2;0;4;1;0;0;4;4;3;0;0
1530023;"Mogens Eichmann";49;2008;5;True;True;True;True;3;4;0;3;2;0;2;1;1;0;0;1;0;0;3;1;0;1;0;0;3;2
1531192;"Tessa Schumacher";34;2008;5;True;True;True;True;2;3;0;0;3;1;2;2;1;2;0;3;3;4;3;2;0;0;0;3;4;1
1541700;"Her Seliger";7;2008;3;True;;True;;3;4;1;4;0;0;1;4;0;3;0;0;0;2;2;0;1;2;2;1;4;3
1541914;"Bertram Friedmann";22;2008;3;;True;True;True;4;1;0;3;0;1;1;1;0;3;1;2;0;3;4;2;3;0;0;2;4;0
1544865;"Die Zinke";41;2008;5;True;True;True;True;1;3;2;4;0;2;2;0;3;4;0;3;3;4;0;0;2;1;1;4;3;1
1550534;"Vanda Schäffler";45;2008;3;True;True;True;True;3;2;0;2;0;3;0;1;1;4;0;3;0;1;3;0;3;3;4;4;3;0
1551031;"Miliu Siemers";5;2008;3;;True;True;True;3;1;1;2;1;1;1;0;2;2;1;1;1;0;3;0;3;0;0;0;3;1
1561476;"Tareq Wegmann";38;2008;7;True;True;True;True;0;4;1;3;0;1;0;1;4;0;1;4;2;0;0;2;3;0;2;3;2;0
1582488;"Hicran Meurer";48;2008;5;;True;True;True;1;4;0;4;0;2;3;4;4;1;4;2;3;2;3;1;0;0;0;3;2;0
1583687;"Erdmuthe Kurtz";50;2008;3;;;;;3;4;1;3;1;1;1;3;3;1;1;1;1;4;3;3;3;0;1;2;3;1
1584629;"Senol Hake";43;2008;7;True;;True;True;1;4;0;2;1;2;0;3;3;1;0;3;0;0;1;0;2;0;0;0;0;0
1588933;"Pavle Wittich";32;2008;3;True;;True;True;1;1;0;1;0;0;0;4;0;0;1;2;0;4;1;0;0;4;4;3;0;0
1591060;"Marlott Knopf";42;2008;5;True;;True;True;4;0;2;0;0;0;0;0;2;4;0;0;1;4;2;1;3;0;0;4;0;1
1597350;"Adelina Spiegel";26;2008;3;True;;True;True;3;1;1;3;0;2;1;0;2;2;1;1;1;0;4;2;3;0;3;2;3;1
1598015;"Puric Mehlhorn";10;2008;3;True;True;True;True;2;1;0;3;2;0;1;0;3;2;0;4;0;3;3;0;0;0;0;1;3;2
1604870;"Jvica Haupt";46;2008;3;True;True;True;True;1;4;1;1;1;1;1;0;4;0;1;1;2;4;3;0;2;0;0;3;2;3
1605186;"Gür Amann";16;2008;3;True;True;True;True;3;4;0;4;2;1;3;0;3;1;0;4;0;4;3;1;3;0;0;1;1;3
1612340;"Jamil Knabe";29;2008;3;True;True;True;True;4;4;1;3;0;0;1;0;1;1;0;0;0;3;4;3;1;0;0;0;2;1
1618947;"Inac Kreutzer";11;2008;3;True;True;True;True;1;3;1;3;0;2;1;4;3;2;2;4;1;2;3;1;2;1;2;2;2;3
1619466;"Cafar Kettler";51;2008;3;;True;True;True;0;0;0;0;3;0;1;2;0;1;0;1;0;2;2;0;0;1;2;4;1;0
1620788;"Vishwadeep Heinzelmann";;2008;3;True;True;True;True;2;1;2;2;1;2;2;3;0;1;2;1;1;1;2;1;2;2;1;4;3;3
1623446;"Panajiotis-Takis-Mario Radtke";;2008;7;;True;True;True;0;4;0;3;3;1;3;2;4;0;0;2;0;0;2;2;0;0;2;3;1;2
1627030;"Beijen Zenker";32;2008;3;;True;True;True;1;1;0;1;0;0;0;4;0;0;1;2;0;4;1;0;0;4;4;3;0;0
1629876;"Evi Römer";41;2008;5;;;True;True;1;3;2;4;0;2;2;0;3;4;0;3;3;4;0;0;2;1;1;4;3;1
1633637;"Sabina Kretz";49;2008;3;True;;True;True;3;4;0;3;2;0;2;1;1;0;0;1;0;0;3;1;0;1;0;0;3;2
1644076;"Ankica Gruber";37;2008;3;True;True;True;True;2;3;1;3;2;0;1;0;4;2;0;0;3;2;3;0;1;0;0;3;2;2
1650725;"Vincenzo Winkel";;2008;5;True;True;True;True;3;1;0;2;1;2;2;0;2;1;1;2;0;2;2;2;1;0;1;1;4;2
1652209;"Astrid-Marion Küsters";;2008;3;True;;True;True;2;4;3;3;4;1;3;4;3;1;1;4;2;2;1;3;3;1;1;2;1;3
1656592;"Stergiani Lanz";1;2008;5;True;;True;;4;3;0;2;2;2;2;2;1;4;0;4;0;3;3;3;1;0;0;2;2;0
1658158;"Mihail Warnke";46;2008;3;True;True;True;;1;4;1;1;1;1;1;0;4;0;1;1;2;4;3;0;2;0;0;3;2;3
1660505;"Nurudin Fellner";50;2008;3;True;True;True;True;3;4;1;3;1;1;1;3;3;1;1;1;1;4;3;3;3;0;1;2;3;1
1674713;"Manzi Bellmann";51;2008;3;True;;True;True;0;0;0;0;3;0;1;2;0;1;0;1;0;2;2;0;0;1;2;4;1;0
1696887;"Jana Timmermann";;2008;5;True;True;True;;2;4;2;4;1;1;2;1;4;0;0;4;3;2;2;2;0;0;0;1;3;2
1698410;"Mabel Braune";;2008;3;True;;True;True;3;0;0;1;0;0;0;4;0;1;1;4;0;0;2;1;0;0;2;3;1;0
1709968;"Karoly Holland";23;2008;3;True;True;True;True;0;4;1;2;0;0;0;1;0;0;0;3;0;1;1;3;4;0;0;1;1;3
1712834;"Dannle Keil";44;2008;3;;True;True;True;3;0;0;0;0;2;0;3;0;3;2;0;2;0;4;0;1;2;1;3;1;0
1719914;"Jürge Möckel";;2008;3;True;;True;True;2;4;0;2;0;2;0;3;4;2;2;4;1;4;1;2;1;0;0;2;3;2
1724258;"Sandra Sachs";8;2008;3;True;;True;True;2;3;2;0;1;1;1;3;0;2;0;1;4;4;3;3;4;0;0;3;4;2
1730818;"Lutz-Bernd Brenner";26;2008;3;True;;True;True;3;1;1;3;0;2;1;0;2;2;1;1;1;0;4;2;3;0;3;2;3;1
1740520;"Hargobinderam Rieger";;2008;3;;True;True;True;2;3;1;2;1;1;1;2;2;1;1;2;1;4;2;2;1;1;2;4;1;1
1750409;"Nazif Manthey";10;2008;3;True;True;True;True;2;1;0;3;2;0;1;0;3;2;0;4;0;3;3;0;0;0;0;1;3;2
1752070;"Volkmar Walker";10;2008;3;True;True;True;True;2;1;0;3;2;0;1;0;3;2;0;4;0;3;3;0;0;0;0;1;3;2
1766798;"Damaris Grau";38;2008;3;True;;True;True;0;4;1;3;0;1;0;1;4;0;1;4;2;0;0;2;3;0;2;3;2;0
1772277;"Petito Wachter";2;2008;3;True;;True;True;2;4;2;4;4;1;4;0;4;2;1;1;2;1;1;3;2;1;1;3;2;1
1774052;"Abid Sigl";21;2008;3;True;True;True;True;1;2;0;3;3;0;0;4;2;0;0;3;0;3;1;0;0;0;0;2;1;0
1775528;"Monika Seitz";;2008;3;True;True;True;True;1;4;0;0;2;1;2;0;3;1;0;2;0;1;2;1;1;0;0;1;1;2
1785069;"Manzoorul-Haqu Fuhr";13;2008;3;True;;True;True;3;2;2;2;0;1;2;3;0;1;0;1;1;4;0;1;3;1;1;0;4;0
1787415;"Fazaneh Küpper";46;2008;3;;True;True;True;1;4;1;1;1;1;1;0;4;0;1;1;2;4;3;0;2;0;0;3;2;3
1788634;"Rebecca Reineke";39;2008;3;True;;True;True;3;4;0;3;0;3;3;2;3;2;1;3;0;4;2;1;0;0;0;3;0;0
1788742;"Buyar Seiler";48;2008;5;;True;True;True;1;4;0;4;0;2;3;4;4;1;4;2;3;2;3;1;0;0;0;3;2;0
1791564;"Manoubia Miller";;2008;6;True;;True;;1;2;2;2;1;1;2;3;2;1;0;4;1;3;2;1;1;0;0;3;3;1
1793391;"Soudabeh Ehrenberg";24;2008;3;True;True;True;True;0;1;2;3;1;2;3;1;2;0;0;3;2;3;4;2;4;0;1;3;2;2
1799651;"Konstantine Benz";36;2008;3;True;True;True;True;3;4;0;2;1;1;1;0;2;1;0;3;0;3;2;2;0;0;0;3;0;0
1805345;"Greta Knobloch";44;2008;3;;True;True;True;3;0;0;0;0;2;0;3;0;3;2;0;2;0;4;0;1;2;1;3;1;0
1806396;"Gabriele-Maria Schmidt";;2008;5;True;True;True;True;2;1;1;2;1;1;3;0;2;2;0;2;2;2;2;3;3;0;0;3;2;2
1807606;"Borka Schlichting";;2008;7;True;;True;;1;4;0;2;1;3;1;2;3;2;1;3;1;3;2;2;2;2;1;0;3;3
1808333;"Manutscher Klumpp";29;2008;3;True;True;True;True;4;4;1;3;0;0;1;0;1;1;0;0;0;3;4;3;1;0;0;0;2;1
1809601;"Vesela Thiede";17;2008;5;;;True;;0;3;1;4;2;2;2;1;2;0;4;2;1;1;0;0;0;3;2;1;2;1
1819313;"Peker Wiemer";45;2008;7;;;True;;3;2;0;2;0;3;0;1;1;4;0;3;0;1;3;0;3;3;4;4;3;0
1825007;"Dejan Baumgartner";29;2008;3;True;;True;;4;4;1;3;0;0;1;0;1;1;0;0;0;3;4;3;1;0;0;0;2;1
1826004;"Atila Metz";3;2008;5;True;True;True;True;2;0;0;1;0;0;0;0;2;2;4;0;1;0;2;0;1;3;4;4;0;0
1826618;"Paul-Heinz Knittel";;2008;4;True;True;True;True;3;3;4;3;3;2;2;0;4;0;0;2;3;4;3;2;1;0;0;1;3;0
1834916;"Fanny Boll";;2008;3;True;True;True;True;4;0;2;1;0;2;2;0;1;2;3;4;2;1;3;1;3;2;3;2;4;1
1844474;"Gisele Neher";44;2008;3;;True;True;True;3;0;0;0;0;2;0;3;0;3;2;0;2;0;4;0;1;2;1;3;1;0
1844568;"Saveta Benner";45;2008;3;True;True;True;True;3;2;0;2;0;3;0;1;1;4;0;3;0;1;3;0;3;3;4;4;3;0
1855997;"Helm Laufer";29;2008;3;True;;True;True;4;4;1;3;0;0;1;0;1;1;0;0;0;3;4;3;1;0;0;0;2;1
1861490;"Selam Kleinert";32;2008;3;True;;True;True;1;1;0;1;0;0;0;4;0;0;1;2;0;4;1;0;0;4;4;3;0;0
1864682;"Leiwes Bülow";25;2008;3;True;True;True;True;4;4;0;3;1;2;1;1;3;3;0;3;1;3;4;2;2;0;0;0;2;2
1869874;"Jakup Kerber";5;2008;3;;True;True;True;3;1;1;2;1;1;1;0;2;2;1;1;1;0;3;0;3;0;0;0;3;1
1879521;"Jelenka Deckert";30;2008;3;True;;True;True;0;4;1;4;0;3;2;1;4;1;2;4;4;3;4;3;0;1;2;4;2;1
1889289;"Asisa Moldenhauer";35;2008;3;;True;True;True;2;4;2;3;0;2;0;2;2;2;0;2;2;3;3;3;2;0;0;3;2;2
1893338;"Krzystof Gehrig";;2008;5;True;True;True;True;3;3;3;0;1;0;1;0;3;4;0;0;3;0;4;4;0;0;0;3;0;0
1893940;"Ehrenfried Neumüller";47;2008;3;True;;True;True;4;3;2;0;1;0;0;0;4;2;0;3;2;4;3;2;1;0;0;4;1;1
1897625;"Roslin Zinke";;2008;5;True;True;True;True;3;3;1;2;2;2;2;2;3;3;0;4;1;2;2;2;3;0;0;3;2;2
1915750;"Herold Feldmeier";;2008;7;True;;True;True;0;4;1;1;0;0;2;0;3;2;0;0;2;0;3;3;0;0;0;2;0;1
1915752;"Jsljami Schaffrath";;2008;5;;;True;;1;4;0;4;1;2;1;0;2;0;1;2;4;2;2;0;1;1;1;3;1;0
1923889;"Bruce Milz";18;2008;3;True;True;True;True;3;2;0;4;1;1;1;0;2;0;3;4;3;4;1;1;1;0;0;3;4;1
1927810;"Lacy Wiese";11;2008;3;True;;True;True;1;3;1;3;0;2;1;4;3;2;2;4;1;2;3;1;2;1;2;2;2;3
1937418;"Halime Brockmann";1;2008;5;True;True;True;True;4;3;0;2;2;2;2;2;1;4;0;4;0;3;3;3;1;0;0;2;2;0
1938300;"Dirk Stellmacher";34;2008;5;True;True;True;True;2;3;0;0;3;1;2;2;1;2;0;3;3;4;3;2;0;0;0;3;4;1
1943325;"Hanns-Heinrich Borrmann";15;2008;3;True;;True;True;1;4;0;3;0;2;0;0;3;1;0;0;0;3;2;0;2;0;1;3;2;0
1947185;"Evgret Zeiler";;2008;5;True;;True;;1;4;0;3;1;1;0;4;3;1;0;3;1;2;1;1;1;2;2;1;1;2
1947758;"Virginia Ewers";;2008;5;True;;True;True;0;1;0;2;0;0;0;2;3;2;0;4;2;0;2;4;1;0;0;0;0;1
1953388;"Heide-Rose Maus";;2008;7;True;True;True;True;0;4;0;2;1;0;3;2;0;0;0;1;0;2;1;0;0;0;0;3;2;1
1955345;"Etto Kreis";2;2008;3;True;True;True;True;2;4;2;4;4;1;4;0;4;2;1;1;2;1;1;3;2;1;1;3;2;1
1959413;"Cifka Koll";11;2008;3;True;True;True;True;1;3;1;3;0;2;1;4;3;2;2;4;1;2;3;1;2;1;2;2;2;3
1970293;"Ivon Wichmann";;2008;3;True;True;True;True;3;4;1;2;0;0;1;0;2;2;0;2;1;4;2;1;2;0;1;0;2;1
1979769;"Roman Ley";12;2008;3;;True;True;True;3;0;2;2;2;1;2;1;1;3;1;2;3;0;4;2;2;1;1;3;4;2
1980797;"Stipo Maaßen";;2008;5;True;;True;True;3;1;0;1;0;0;2;0;0;1;0;4;0;1;1;0;1;0;0;3;1;0
1987434;"Selale Neugebauer";;2008;3;True;;True;;3;3;0;2;0;1;0;4;3;2;1;4;0;3;3;1;3;1;1;1;3;1
1993734;"Kurtek Lucas";4;2008;5;;;True;;0;4;1;2;0;2;1;0;2;0;0;2;3;4;2;3;1;1;0;1;3;2
1996438;"Calut Winkelmann";43;2008;7;True;;True;;1;4;0;2;1;2;0;3;3;1;0;3;0;0;1;0;2;0;0;0;0;0
1997470;"Kosan Ullmann";;2008;3;True;;True;;4;0;3;1;3;2;3;2;3;2;2;3;2;1;3;1;1;3;3;4;4;2
